,dbh_m,method,height,date,latitude,longitude,ground_truth_ht_m,ground_truth_dbh_m,user_id,ht_at_dbh_m,phone_model,app_version,notes,project,species,dbh_photo_url,height_photo_url,trunk_occupancy,trunk_dist_m,apparent_dbh_med_m,measurement_id
0,0.191500683,ADM Fixed Percent,3.056112766,2026_07_04 21:51:27,35.08437717,-120.53397,2.7,0.165,GNNIaIPthVQKUTVjjbAekjaxeHo1,,"iPhone13,3",2.7.0,1.1,W25 inventory,,https://firebasestorage.googleapis.com/v0/b/wt-foundation-production.appspot.com/o/measurements%2FMeasureMethod.ADM_FIXED_PCT%2FdbhPhoto%2F1787109427962?alt=media&token=eb730c53-e0df-4b79-833c-8af4d6b45019,https://firebasestorage.googleapis.com/v0/b/wt-foundation-production.appspot.com/o/measurements%2FMeasureMethod.ADM_FIXED_PCT%2FheightPhoto%2F1787109427957?alt=media&token=901c7ceb-5fdd-447a-869a-30f25c84dc12,,,,f1ms43aH2Xzx1VGU3vtE
0,0.145291151,ADM Fixed Percent,3.314053059,2026_07_04 22:03:25,35.0844077,-120.533903,3,0.167,GNNIaIPthVQKUTVjjbAekjaxeHo1,,"iPhone13,3",2.7.0,1.2,W25 inventory,,https://firebasestorage.googleapis.com/v0/b/wt-foundation-production.appspot.com/o/measurements%2FMeasureMethod.ADM_FIXED_PCT%2FdbhPhoto%2F1787109427962?alt=media&token=22747bb6-e6ff-4307-9bb9-873386b16518,https://firebasestorage.googleapis.com/v0/b/wt-foundation-production.appspot.com/o/measurements%2FMeasureMethod.ADM_FIXED_PCT%2FheightPhoto%2F1787109427962?alt=media&token=eb1b68c6-82ed-4088-b20e-423cd1cfa7eb,,,,uX33cA0LDXgDEQtkui9P
0,0.160993499,ADM Fixed Percent,3.822444201,2026_07_04 22:06:39,35.08444715,-120.5338819,3,0.19,GNNIaIPthVQKUTVjjbAekjaxeHo1,,"iPhone13,3",2.7.0,"1.3
knobs at 15cm: 20.3
at 10cm: 19.0
above knobs:
snails!",W25 inventory,,https://firebasestorage.googleapis.com/v0/b/wt-foundation-production.appspot.com/o/measurements%2FMeasureMethod.ADM_FIXED_PCT%2FdbhPhoto%2F1787109432771?alt=media&token=9616c82b-9195-4e1a-a1f7-f8907e1c05f2,https://firebasestorage.googleapis.com/v0/b/wt-foundation-production.appspot.com/o/measurements%2FMeasureMethod.ADM_FIXED_PCT%2FheightPhoto%2F1787109431079?alt=media&token=0df02683-e9b6-4cb3-b54b-e60e28f9944a,,,,BLTMbEBhMR0Cb4bw03PK
0,0.212091971,ADM Fixed Percent,3.639485836,2026_07_04 22:12:04,35.08447335,-120.5337822,2.5,0.208,GNNIaIPthVQKUTVjjbAekjaxeHo1,,"iPhone13,3",2.7.0,"1.4
10cm: 20.8
15cm: 19.5",W25 inventory,,https://firebasestorage.googleapis.com/v0/b/wt-foundation-production.appspot.com/o/measurements%2FMeasureMethod.ADM_FIXED_PCT%2FdbhPhoto%2F1787109435577?alt=media&token=369d2194-3c63-4351-b95d-be71f7ea9c5b,https://firebasestorage.googleapis.com/v0/b/wt-foundation-production.appspot.com/o/measurements%2FMeasureMethod.ADM_FIXED_PCT%2FheightPhoto%2F1787109433999?alt=media&token=557d7b1a-3989-40c6-8a17-12224931bd1f,,,,76otTH8WdqkZznI1UXYw
0,0.146744601,ADM Fixed Percent,3.097901821,2026_07_04 22:16:50,35.08434544,-120.533921,2.9,0.182,GNNIaIPthVQKUTVjjbAekjaxeHo1,,"iPhone13,3",2.7.0,"1.5
15cm: 17.5
10cm: 18.2",W25 inventory,,https://firebasestorage.googleapis.com/v0/b/wt-foundation-production.appspot.com/o/measurements%2FMeasureMethod.ADM_FIXED_PCT%2FdbhPhoto%2F1787109438010?alt=media&token=49c1a1a5-4963-4e57-bdb7-704af6a144fc,https://firebasestorage.googleapis.com/v0/b/wt-foundation-production.appspot.com/o/measurements%2FMeasureMethod.ADM_FIXED_PCT%2FheightPhoto%2F1787109437333?alt=media&token=29850efb-0a3e-4ba6-af1b-73cf8db3472f,,,,nth6IJQoYnYUodMioT05
0,0.140780752,ADM Fixed Percent,3.182124138,2026_07_04 22:20:27,35.08438901,-120.5339236,2.6,0.177,GNNIaIPthVQKUTVjjbAekjaxeHo1,,"iPhone13,3",2.7.0,"1.6
15cm 17.8
10cm 17.7",W25 inventory,,https://firebasestorage.googleapis.com/v0/b/wt-foundation-production.appspot.com/o/measurements%2FMeasureMethod.ADM_FIXED_PCT%2FdbhPhoto%2F1787109440083?alt=media&token=7c1396b9-b16a-4b56-9cf6-501a3788a30c,https://firebasestorage.googleapis.com/v0/b/wt-foundation-production.appspot.com/o/measurements%2FMeasureMethod.ADM_FIXED_PCT%2FheightPhoto%2F1787109438933?alt=media&token=6cab8045-351d-4412-9b70-13beb82a590c,,,,ESMSbByF52QwyG0PPq3W
0,0.126233499,ADM Fixed Percent,3.075093985,2026_07_04 22:23:21,35.08441256,-120.5338858,2.9,0.19,GNNIaIPthVQKUTVjjbAekjaxeHo1,,"iPhone13,3",2.7.0,"1.7
10cm: 19
15cm: 16.8",W25 inventory,,https://firebasestorage.googleapis.com/v0/b/wt-foundation-production.appspot.com/o/measurements%2FMeasureMethod.ADM_FIXED_PCT%2FdbhPhoto%2F1787109441781?alt=media&token=7acd4255-5615-496c-a8dd-272166471a8c,https://firebasestorage.googleapis.com/v0/b/wt-foundation-production.appspot.com/o/measurements%2FMeasureMethod.ADM_FIXED_PCT%2FheightPhoto%2F1787109441276?alt=media&token=bcd6409b-a975-4cbe-be7a-29ea04165c56,,,,EjUSC14mPTwoyP3Vdpd7
0,0.152692057,ADM Fixed Percent,3.041628361,2026_07_04 22:27:09,35.08443183,-120.5338456,2.9,0.192,GNNIaIPthVQKUTVjjbAekjaxeHo1,,"iPhone13,3",2.7.0,"1.8
10cm: 19.2
15cm: 17.0",W25 inventory,,https://firebasestorage.googleapis.com/v0/b/wt-foundation-production.appspot.com/o/measurements%2FMeasureMethod.ADM_FIXED_PCT%2FdbhPhoto%2F1787109444981?alt=media&token=d8373e72-054a-45c6-bc64-fb8f9d93d2bb,https://firebasestorage.googleapis.com/v0/b/wt-foundation-production.appspot.com/o/measurements%2FMeasureMethod.ADM_FIXED_PCT%2FheightPhoto%2F1787109443445?alt=media&token=171d71a8-e037-49eb-9c49-f40501279fbe,,,,BtvSnsNcUzblCAnuOGst
0,0.158370922,ADM Fixed Percent,3.215163469,2026_07_04 22:29:37,35.08446053,-120.533789,2.8,0.208,GNNIaIPthVQKUTVjjbAekjaxeHo1,,"iPhone13,3",2.7.0,"1.9
10cm: 20.8
15xm: 19.2",W25 inventory,,https://firebasestorage.googleapis.com/v0/b/wt-foundation-production.appspot.com/o/measurements%2FMeasureMethod.ADM_FIXED_PCT%2FdbhPhoto%2F1787109446700?alt=media&token=6a45cef2-f34d-4295-a572-087e26f90286,https://firebasestorage.googleapis.com/v0/b/wt-foundation-production.appspot.com/o/measurements%2FMeasureMethod.ADM_FIXED_PCT%2FheightPhoto%2F1787109445426?alt=media&token=29e3d2f7-3e3a-43f3-9099-871a79d9a125,,,,BxE7zern4zYGfbvb7CHy
0,0.142604474,ADM Fixed Percent,2.78408432,2026_07_04 22:34:31,35.08423487,-120.5339803,2.7,0.168,GNNIaIPthVQKUTVjjbAekjaxeHo1,,"iPhone13,3",2.7.0,"1.10
10cm: 16.8
15cm: 17.5",W25 inventory,,https://firebasestorage.googleapis.com/v0/b/wt-foundation-production.appspot.com/o/measurements%2FMeasureMethod.ADM_FIXED_PCT%2FdbhPhoto%2F1787109449614?alt=media&token=a0edc73c-e663-40fa-a756-7aad1c25e996,https://firebasestorage.googleapis.com/v0/b/wt-foundation-production.appspot.com/o/measurements%2FMeasureMethod.ADM_FIXED_PCT%2FheightPhoto%2F1787109447883?alt=media&token=3087db2a-4423-48ae-8fcd-4d4e7ba4f6a1,,,,oygWYlCZNMvh6wjxr84N
0,0.135683147,ADM Fixed Percent,3.634145975,2026_07_04 22:38:07,35.08432825,-120.5338683,2.5,0.18,GNNIaIPthVQKUTVjjbAekjaxeHo1,,"iPhone13,3",2.7.0,"1.11
10cm: 18
15cm: 17.8",W25 inventory,,https://firebasestorage.googleapis.com/v0/b/wt-foundation-production.appspot.com/o/measurements%2FMeasureMethod.ADM_FIXED_PCT%2FdbhPhoto%2F1787109451881?alt=media&token=64bac345-fc4c-40eb-834b-174bde3ca9f8,https://firebasestorage.googleapis.com/v0/b/wt-foundation-production.appspot.com/o/measurements%2FMeasureMethod.ADM_FIXED_PCT%2FheightPhoto%2F1787109450109?alt=media&token=29d9ff34-7051-4f41-916a-e3a4d1cb75d1,,,,oARhJFuti5N9Hn3yTLyt
0,0.197506529,ADM Fixed Percent,3.054155827,2026_07_04 22:40:35,35.08433428,-120.5338068,2.4,0.175,GNNIaIPthVQKUTVjjbAekjaxeHo1,,"iPhone13,3",2.7.0,"1.12
10cm: 17.5
15cm: 18",W25 inventory,,https://firebasestorage.googleapis.com/v0/b/wt-foundation-production.appspot.com/o/measurements%2FMeasureMethod.ADM_FIXED_PCT%2FdbhPhoto%2F1787109453483?alt=media&token=aa6c22f4-4d10-488f-8468-db388e369545,https://firebasestorage.googleapis.com/v0/b/wt-foundation-production.appspot.com/o/measurements%2FMeasureMethod.ADM_FIXED_PCT%2FheightPhoto%2F1787109453299?alt=media&token=cc25e169-a178-4aad-9b5e-022ef9383ace,,,,1waqRA7JpVhTdl9Xqm8I
0,0.081287663,ADM Fixed Percent,2.9415133,2026_07_04 22:46:52,35.08433432,-120.5337572,2.8,0.144,GNNIaIPthVQKUTVjjbAekjaxeHo1,,"iPhone13,3",2.7.0,"1.13
10cm: 14.4
15cm: 13.8
spikes, snails",W25 inventory,,https://firebasestorage.googleapis.com/v0/b/wt-foundation-production.appspot.com/o/measurements%2FMeasureMethod.ADM_FIXED_PCT%2FdbhPhoto%2F1787109454993?alt=media&token=76e0daf2-ec4f-4bad-b055-1f4d1d0ffb2d,https://firebasestorage.googleapis.com/v0/b/wt-foundation-production.appspot.com/o/measurements%2FMeasureMethod.ADM_FIXED_PCT%2FheightPhoto%2F1787109454617?alt=media&token=d705e52f-ee3e-40ca-be33-41f18b8fbfe2,,,,NaRI2MOuZ9awLJU1ooAo
0,0.175922391,ADM Fixed Percent,3.253607988,2026_07_04 22:50:47,35.08443899,-120.5337508,2.6,0.21,GNNIaIPthVQKUTVjjbAekjaxeHo1,,"iPhone13,3",2.7.0,"1.14
10cm: 21
15cm: 18",W25 inventory,,https://firebasestorage.googleapis.com/v0/b/wt-foundation-production.appspot.com/o/measurements%2FMeasureMethod.ADM_FIXED_PCT%2FdbhPhoto%2F1787109458231?alt=media&token=1770a650-323f-4629-af10-f3ecd340f566,https://firebasestorage.googleapis.com/v0/b/wt-foundation-production.appspot.com/o/measurements%2FMeasureMethod.ADM_FIXED_PCT%2FheightPhoto%2F1787109455831?alt=media&token=c773835d-6198-46d9-893f-52f21ed536d1,,,,v7obysYSg8b17SNFqgOO
0,0.193976188,ADM Fixed Percent,3.348069191,2026_07_04 22:55:13,35.0842573,-120.5338601,2.7,0.178,GNNIaIPthVQKUTVjjbAekjaxeHo1,,"iPhone13,3",2.7.0,"1.15
10cn:: 17.8
15cm: 16.7",W25 inventory,,https://firebasestorage.googleapis.com/v0/b/wt-foundation-production.appspot.com/o/measurements%2FMeasureMethod.ADM_FIXED_PCT%2FdbhPhoto%2F1787109460045?alt=media&token=8cb6d8d5-73b6-4201-a473-5b2c48dd3cdf,https://firebasestorage.googleapis.com/v0/b/wt-foundation-production.appspot.com/o/measurements%2FMeasureMethod.ADM_FIXED_PCT%2FheightPhoto%2F1787109459210?alt=media&token=19c22af0-8255-447f-bea9-fc3fb2edc7fb,,,,YUWnZdviz1D0rWpEtr9D
0,0.117222553,ADM Fixed Percent,3.84105587,2026_07_04 22:58:14,35.08428989,-120.5338378,3.3,0.174,GNNIaIPthVQKUTVjjbAekjaxeHo1,,"iPhone13,3",2.7.0,"1.16
10cm: 17.4
15cm: 17.3",W25 inventory,,https://firebasestorage.googleapis.com/v0/b/wt-foundation-production.appspot.com/o/measurements%2FMeasureMethod.ADM_FIXED_PCT%2FdbhPhoto%2F1787109462997?alt=media&token=2495798f-26c1-4866-ad92-ab3d467bbae4,https://firebasestorage.googleapis.com/v0/b/wt-foundation-production.appspot.com/o/measurements%2FMeasureMethod.ADM_FIXED_PCT%2FheightPhoto%2F1787109461126?alt=media&token=5bed8e7c-4947-4a74-b6ed-ad9f3c6563ce,,,,wx6vctcpdg9mkWV6L9Xq
0,0.162713092,ADM Fixed Percent,3.386980534,2026_07_04 23:06:20,35.08428489,-120.5337894,2.9,0.205,GNNIaIPthVQKUTVjjbAekjaxeHo1,,"iPhone13,3",2.7.0,"1.17
10cm: 20.5
15cm: 19.6",W25 inventory,,https://firebasestorage.googleapis.com/v0/b/wt-foundation-production.appspot.com/o/measurements%2FMeasureMethod.ADM_FIXED_PCT%2FdbhPhoto%2F1787109466142?alt=media&token=b5ccc12a-f69b-4dd0-8f36-db97a96372a7,https://firebasestorage.googleapis.com/v0/b/wt-foundation-production.appspot.com/o/measurements%2FMeasureMethod.ADM_FIXED_PCT%2FheightPhoto%2F1787109463799?alt=media&token=94258603-4932-4728-b827-c372b2c6c3ac,,,,BJUWtW2NLJ9vjhECy28N
0,0.134873205,ADM Fixed Percent,3.283041716,2026_07_04 23:09:27,35.08432859,-120.5337108,3,0.178,GNNIaIPthVQKUTVjjbAekjaxeHo1,,"iPhone13,3",2.7.0,"1.18
10cm: 17.8
15cm: 17.5",W25 inventory,,https://firebasestorage.googleapis.com/v0/b/wt-foundation-production.appspot.com/o/measurements%2FMeasureMethod.ADM_FIXED_PCT%2FdbhPhoto%2F1787109467358?alt=media&token=caed5ab0-5104-42d5-8555-1e9539e38966,https://firebasestorage.googleapis.com/v0/b/wt-foundation-production.appspot.com/o/measurements%2FMeasureMethod.ADM_FIXED_PCT%2FheightPhoto%2F1787109466343?alt=media&token=f7b319c6-17dd-46b9-9e81-92889235db96,,,,Gdea3ULklrSalMLx91Uv
0,0.153027252,ADM Fixed Percent,3.568336248,2026_07_04 23:35:53,35.08468808,-120.5344634,3.4,0.18,GNNIaIPthVQKUTVjjbAekjaxeHo1,,"iPhone13,3",2.7.0,"2.1
all taken at 10",W25 inventory,,https://firebasestorage.googleapis.com/v0/b/wt-foundation-production.appspot.com/o/measurements%2FMeasureMethod.ADM_FIXED_PCT%2FdbhPhoto%2F1787109470194?alt=media&token=27e92b3a-f2ba-4c3b-8107-62b3ba2baa87,https://firebasestorage.googleapis.com/v0/b/wt-foundation-production.appspot.com/o/measurements%2FMeasureMethod.ADM_FIXED_PCT%2FheightPhoto%2F1787109468337?alt=media&token=82480d9d-eb8b-456b-8f56-859c654ea541,,,,2imqn6mNfOZ6MK8qXA5W
0,0.114301964,ADM Fixed Percent,3.356531858,2026_07_04 23:39:05,35.08468908,-120.5344076,3.3,0.176,GNNIaIPthVQKUTVjjbAekjaxeHo1,,"iPhone13,3",2.7.0,2.2,W25 inventory,,https://firebasestorage.googleapis.com/v0/b/wt-foundation-production.appspot.com/o/measurements%2FMeasureMethod.ADM_FIXED_PCT%2FdbhPhoto%2F1787109471882?alt=media&token=d102b3da-c53c-4801-b557-76564f415d51,https://firebasestorage.googleapis.com/v0/b/wt-foundation-production.appspot.com/o/measurements%2FMeasureMethod.ADM_FIXED_PCT%2FheightPhoto%2F1787109470823?alt=media&token=04f96362-4076-41e4-931e-a14e830cb636,,,,wQMMbolv9BXI3LP5ftKh
0,0.163506038,ADM Fixed Percent,4.25784874,2026_07_04 23:41:47,35.0847729,-120.5343567,3.2,0.186,GNNIaIPthVQKUTVjjbAekjaxeHo1,,"iPhone13,3",2.7.0,2.3,W25 inventory,,https://firebasestorage.googleapis.com/v0/b/wt-foundation-production.appspot.com/o/measurements%2FMeasureMethod.ADM_FIXED_PCT%2FdbhPhoto%2F1787109474026?alt=media&token=a908ed27-57f9-445d-9cd8-9dda08dd7876,https://firebasestorage.googleapis.com/v0/b/wt-foundation-production.appspot.com/o/measurements%2FMeasureMethod.ADM_FIXED_PCT%2FheightPhoto%2F1787109472979?alt=media&token=b28fcaf6-90b0-49f7-b25d-3a0e14b805f3,,,,gZDgXZph4scZ7481hFBI
0,0.187439961,ADM Fixed Percent,4.078456879,2026_07_04 23:45:10,35.08478484,-120.5343329,3.5,0.209,GNNIaIPthVQKUTVjjbAekjaxeHo1,,"iPhone13,3",2.7.0,2.4,W25 inventory,,https://firebasestorage.googleapis.com/v0/b/wt-foundation-production.appspot.com/o/measurements%2FMeasureMethod.ADM_FIXED_PCT%2FdbhPhoto%2F1787109476568?alt=media&token=6782742c-3d15-4408-b4f4-3d32badd1567,https://firebasestorage.googleapis.com/v0/b/wt-foundation-production.appspot.com/o/measurements%2FMeasureMethod.ADM_FIXED_PCT%2FheightPhoto%2F1787109475954?alt=media&token=71c27413-020a-46d6-8158-a7b5ee0a3f6c,,,,cfaLsbhOt8AdljjycIDL
0,0.170952481,ADM Fixed Percent,3.82604146,2026_07_04 23:49:26,35.08482476,-120.5342548,3.4,0.208,GNNIaIPthVQKUTVjjbAekjaxeHo1,,"iPhone13,3",2.7.0,2.5,W25 inventory,,https://firebasestorage.googleapis.com/v0/b/wt-foundation-production.appspot.com/o/measurements%2FMeasureMethod.ADM_FIXED_PCT%2FdbhPhoto%2F1787109479220?alt=media&token=02745685-18c4-41aa-82b7-1da8dea1c530,https://firebasestorage.googleapis.com/v0/b/wt-foundation-production.appspot.com/o/measurements%2FMeasureMethod.ADM_FIXED_PCT%2FheightPhoto%2F1787109478667?alt=media&token=615dc4be-16aa-430b-96e6-814204d39209,,,,kwV7rpPBvbT1WopOpvA0
0,0.136341768,ADM Fixed Percent,3.258219004,2026_07_04 23:54:32,35.08462584,-120.5343855,2.9,0.204,GNNIaIPthVQKUTVjjbAekjaxeHo1,,"iPhone13,3",2.7.0,2.6,W25 inventory,,https://firebasestorage.googleapis.com/v0/b/wt-foundation-production.appspot.com/o/measurements%2FMeasureMethod.ADM_FIXED_PCT%2FdbhPhoto%2F1787109481308?alt=media&token=9bf3f6cf-1037-4797-b63e-6c57ba8dd06a,https://firebasestorage.googleapis.com/v0/b/wt-foundation-production.appspot.com/o/measurements%2FMeasureMethod.ADM_FIXED_PCT%2FheightPhoto%2F1787109480611?alt=media&token=d82aec70-4477-4c52-a388-9f47dc1ae48f,,,,R5CUIrSJdLJKRnpA1b9c
0,0.214031729,ADM Fixed Percent,3.344698906,2026_07_04 23:57:43,35.08469296,-120.5343338,2.8,0.197,GNNIaIPthVQKUTVjjbAekjaxeHo1,,"iPhone13,3",2.7.0,"2.7
yellow / sick",W25 inventory,,https://firebasestorage.googleapis.com/v0/b/wt-foundation-production.appspot.com/o/measurements%2FMeasureMethod.ADM_FIXED_PCT%2FdbhPhoto%2F1787109483542?alt=media&token=f1d2a576-0e5f-48f1-9f2d-7c18f5400a95,https://firebasestorage.googleapis.com/v0/b/wt-foundation-production.appspot.com/o/measurements%2FMeasureMethod.ADM_FIXED_PCT%2FheightPhoto%2F1787109482351?alt=media&token=a3d8e453-0058-4694-bc9d-d67b7545493b,,,,WEcZlQgaLA1FNFT8XyzA
0,0.194900606,ADM Fixed Percent,3.465377808,2026_07_04 23:59:31,35.08471304,-120.5343111,2.7,0.176,GNNIaIPthVQKUTVjjbAekjaxeHo1,,"iPhone13,3",2.7.0,2.8,W25 inventory,,https://firebasestorage.googleapis.com/v0/b/wt-foundation-production.appspot.com/o/measurements%2FMeasureMethod.ADM_FIXED_PCT%2FdbhPhoto%2F1787109485480?alt=media&token=65eb5f59-443b-401f-a290-09a900a1d929,https://firebasestorage.googleapis.com/v0/b/wt-foundation-production.appspot.com/o/measurements%2FMeasureMethod.ADM_FIXED_PCT%2FheightPhoto%2F1787109484647?alt=media&token=a32ac351-3d8b-4ed0-9b90-0f624835007d,,,,SksdhQboZgSGC8PKgP4u
0,0.16606013,ADM Fixed Percent,3.848200083,2026_07_05 00:03:37,35.08473795,-120.5342618,3.1,0.195,GNNIaIPthVQKUTVjjbAekjaxeHo1,,"iPhone13,3",2.7.0,2.9,W25 inventory,,https://firebasestorage.googleapis.com/v0/b/wt-foundation-production.appspot.com/o/measurements%2FMeasureMethod.ADM_FIXED_PCT%2FdbhPhoto%2F1787109489497?alt=media&token=c5b38b9d-4eea-4a46-a408-04e9acbdb0ab,https://firebasestorage.googleapis.com/v0/b/wt-foundation-production.appspot.com/o/measurements%2FMeasureMethod.ADM_FIXED_PCT%2FheightPhoto%2F1787109486897?alt=media&token=b4d5a3d0-cebe-4d9e-b72c-2de55e51b3b4,,,,DUKoV8XaQ98lJabGXM8C
0,0.202564708,ADM Fixed Percent,3.912068129,2026_07_05 00:04:58,35.08477928,-120.5342124,3.3,0.161,GNNIaIPthVQKUTVjjbAekjaxeHo1,,"iPhone13,3",2.7.0,2.10 _,W25 inventory,,https://firebasestorage.googleapis.com/v0/b/wt-foundation-production.appspot.com/o/measurements%2FMeasureMethod.ADM_FIXED_PCT%2FdbhPhoto%2F1787109490490?alt=media&token=aeba2870-9aa9-4f3a-ae7f-d88cda53f55a,https://firebasestorage.googleapis.com/v0/b/wt-foundation-production.appspot.com/o/measurements%2FMeasureMethod.ADM_FIXED_PCT%2FheightPhoto%2F1787109489697?alt=media&token=e6ed2ab0-f9d0-476e-9848-421d37cc9d69,,,,SGkMxRRBZNwxBPRdPfcA
0,0.19435856,ADM Fixed Percent,3.534971237,2026_07_05 00:12:24,35.08447325,-120.5343839,2.8,0.19,GNNIaIPthVQKUTVjjbAekjaxeHo1,,"iPhone13,3",2.7.0,2.11,W25 inventory,,https://firebasestorage.googleapis.com/v0/b/wt-foundation-production.appspot.com/o/measurements%2FMeasureMethod.ADM_FIXED_PCT%2FdbhPhoto%2F1787109492500?alt=media&token=7cb914bb-dc5a-47d6-9b76-88dc3dab7d88,https://firebasestorage.googleapis.com/v0/b/wt-foundation-production.appspot.com/o/measurements%2FMeasureMethod.ADM_FIXED_PCT%2FheightPhoto%2F1787109491335?alt=media&token=a764b68e-20ec-48db-b136-dcb0447a4e1c,,,,A0cHE5TYn7edt7wlpsLR
0,0.175004259,ADM Fixed Percent,3.230439663,2026_07_05 00:22:10,35.08464953,-120.5342433,2.8,0.165,GNNIaIPthVQKUTVjjbAekjaxeHo1,,"iPhone13,3",2.7.0,2.12,W25 inventory,,https://firebasestorage.googleapis.com/v0/b/wt-foundation-production.appspot.com/o/measurements%2FMeasureMethod.ADM_FIXED_PCT%2FdbhPhoto%2F1787109495655?alt=media&token=5e27c456-6a60-469a-8ec4-15f2498758c3,https://firebasestorage.googleapis.com/v0/b/wt-foundation-production.appspot.com/o/measurements%2FMeasureMethod.ADM_FIXED_PCT%2FheightPhoto%2F1787109494482?alt=media&token=c19ac566-c4b8-4c2c-9d34-15058cce436b,,,,u2w6Qlig55kjqO4kBAjm
0,0.125175796,ADM Fixed Percent,2.844347477,2026_07_05 00:23:52,35.08468667,-120.534277,2.9,0.199,GNNIaIPthVQKUTVjjbAekjaxeHo1,,"iPhone13,3",2.7.0,"2.13
yellow / thin",W25 inventory,,https://firebasestorage.googleapis.com/v0/b/wt-foundation-production.appspot.com/o/measurements%2FMeasureMethod.ADM_FIXED_PCT%2FdbhPhoto%2F1787109497521?alt=media&token=aaf7c516-ea56-4ccc-b1af-ed32a7b8ef43,https://firebasestorage.googleapis.com/v0/b/wt-foundation-production.appspot.com/o/measurements%2FMeasureMethod.ADM_FIXED_PCT%2FheightPhoto%2F1787109496637?alt=media&token=421cb07a-c79b-4044-8edd-b513e4e3eba0,,,,Q0zfm2app6NUkXL0CXjY
0,0.196421864,ADM Fixed Percent,2.993540764,2026_07_05 00:26:04,35.08472696,-120.5342321,2.6,0.185,GNNIaIPthVQKUTVjjbAekjaxeHo1,,"iPhone13,3",2.7.0,2.14,W25 inventory,,https://firebasestorage.googleapis.com/v0/b/wt-foundation-production.appspot.com/o/measurements%2FMeasureMethod.ADM_FIXED_PCT%2FdbhPhoto%2F1787109499211?alt=media&token=8eb517da-4783-49e0-911e-ca57ea01f162,https://firebasestorage.googleapis.com/v0/b/wt-foundation-production.appspot.com/o/measurements%2FMeasureMethod.ADM_FIXED_PCT%2FheightPhoto%2F1787109498840?alt=media&token=20a206e8-fedb-4c20-adb7-7d31e9706ea7,,,,NynOSG2prOSbMyRolR4O
0,0.200259488,ADM Fixed Percent,3.584037304,2026_07_05 00:30:01,35.08474054,-120.5341746,3.1,0.183,GNNIaIPthVQKUTVjjbAekjaxeHo1,,"iPhone13,3",2.7.0,2.15,W25 inventory,,https://firebasestorage.googleapis.com/v0/b/wt-foundation-production.appspot.com/o/measurements%2FMeasureMethod.ADM_FIXED_PCT%2FdbhPhoto%2F1787109503281?alt=media&token=7d17a3f0-5efc-43ce-9569-2839289e86c7,https://firebasestorage.googleapis.com/v0/b/wt-foundation-production.appspot.com/o/measurements%2FMeasureMethod.ADM_FIXED_PCT%2FheightPhoto%2F1787109501447?alt=media&token=482cddad-0f3b-46f4-8b5c-74238ce442da,,,,vSmRnsgKgHHrITBNkwkk
0,0.247454365,ADM Fixed Percent,3.61265111,2026_07_05 00:33:57,35.08461257,-120.5342487,3.1,0.225,GNNIaIPthVQKUTVjjbAekjaxeHo1,,"iPhone13,3",2.7.0,2.16,W25 inventory,,https://firebasestorage.googleapis.com/v0/b/wt-foundation-production.appspot.com/o/measurements%2FMeasureMethod.ADM_FIXED_PCT%2FdbhPhoto%2F1787109504350?alt=media&token=31b1dba0-f9e1-46a2-9df5-079e2e942795,https://firebasestorage.googleapis.com/v0/b/wt-foundation-production.appspot.com/o/measurements%2FMeasureMethod.ADM_FIXED_PCT%2FheightPhoto%2F1787109504088?alt=media&token=a3938827-7515-4886-9aa1-10a8ddeb766d,,,,lO0w5UmABIuRtIkw9KNH
0,0.242797046,ADM Fixed Percent,3.250512123,2026_07_05 00:35:46,35.0846105,-120.5341989,2.8,0.209,GNNIaIPthVQKUTVjjbAekjaxeHo1,,"iPhone13,3",2.7.0,2.17,W25 inventory,,https://firebasestorage.googleapis.com/v0/b/wt-foundation-production.appspot.com/o/measurements%2FMeasureMethod.ADM_FIXED_PCT%2FdbhPhoto%2F1787109506499?alt=media&token=ac86e68c-0f39-4714-b084-01608896fee3,https://firebasestorage.googleapis.com/v0/b/wt-foundation-production.appspot.com/o/measurements%2FMeasureMethod.ADM_FIXED_PCT%2FheightPhoto%2F1787109505691?alt=media&token=bc856676-7276-4b57-82d0-13cd2eb4c4d5,,,,eIx8qXo8YtpgvTi5EPBU
0,0.211076748,ADM Fixed Percent,2.719374418,2026_07_05 00:46:23,35.08522514,-120.5352812,2.4,0.173,GNNIaIPthVQKUTVjjbAekjaxeHo1,,"iPhone13,3",2.7.0,"3.1
2022 footprint",W25 inventory,,https://firebasestorage.googleapis.com/v0/b/wt-foundation-production.appspot.com/o/measurements%2FMeasureMethod.ADM_FIXED_PCT%2FdbhPhoto%2F1787109508738?alt=media&token=79261127-ac26-491a-afde-298ffa61878b,https://firebasestorage.googleapis.com/v0/b/wt-foundation-production.appspot.com/o/measurements%2FMeasureMethod.ADM_FIXED_PCT%2FheightPhoto%2F1787109507415?alt=media&token=a4186d44-f183-4be6-a12f-25954dc8e388,,,,1ShHl8ZDoVb4S8cSoUs4
0,0.207557009,ADM Fixed Percent,2.892393589,2026_07_05 00:49:02,35.08523324,-120.5352535,2.6,0.176,GNNIaIPthVQKUTVjjbAekjaxeHo1,,"iPhone13,3",2.7.0,3.2,W25 inventory,,https://firebasestorage.googleapis.com/v0/b/wt-foundation-production.appspot.com/o/measurements%2FMeasureMethod.ADM_FIXED_PCT%2FdbhPhoto%2F1787109512103?alt=media&token=d5e8285e-7971-477d-9884-6b50a2f0ec30,https://firebasestorage.googleapis.com/v0/b/wt-foundation-production.appspot.com/o/measurements%2FMeasureMethod.ADM_FIXED_PCT%2FheightPhoto%2F1787109510392?alt=media&token=e05bc310-ca5e-4c56-87ed-e352e182295b,,,,ooQXtCimMgRF9w36SRqD
0,0.126114102,ADM Fixed Percent,3.374021292,2026_07_05 00:52:43,35.08515582,-120.5352872,2.8,0.174,GNNIaIPthVQKUTVjjbAekjaxeHo1,,"iPhone13,3",2.7.0,3.3,W25 inventory,,https://firebasestorage.googleapis.com/v0/b/wt-foundation-production.appspot.com/o/measurements%2FMeasureMethod.ADM_FIXED_PCT%2FdbhPhoto%2F1787109514389?alt=media&token=923ba59d-030e-4bd5-a8a0-359137556cf4,https://firebasestorage.googleapis.com/v0/b/wt-foundation-production.appspot.com/o/measurements%2FMeasureMethod.ADM_FIXED_PCT%2FheightPhoto%2F1787109512498?alt=media&token=ffc274c2-93bf-4a41-b452-4cad2b0b2bcf,,,,aMzCHqi4eh83wfO49G6l
0,0.160959374,ADM Fixed Percent,2.896450281,2026_07_05 00:53:58,35.0851758,-120.5352843,2.6,0.182,GNNIaIPthVQKUTVjjbAekjaxeHo1,,"iPhone13,3",2.7.0,3.4,W25 inventory,,https://firebasestorage.googleapis.com/v0/b/wt-foundation-production.appspot.com/o/measurements%2FMeasureMethod.ADM_FIXED_PCT%2FdbhPhoto%2F1787109515775?alt=media&token=9b6494cb-ef8d-4256-b3b7-0b0953ff6bb1,https://firebasestorage.googleapis.com/v0/b/wt-foundation-production.appspot.com/o/measurements%2FMeasureMethod.ADM_FIXED_PCT%2FheightPhoto%2F1787109515034?alt=media&token=9599be41-e2fd-403b-89a6-6f5bf44f7ccd,,,,bT1F4yR0oxx6JNCcU2JY
0,0.209228824,ADM Fixed Percent,2.959731579,2026_07_05 00:57:48,35.08521461,-120.5352463,2.6,0.17,GNNIaIPthVQKUTVjjbAekjaxeHo1,,"iPhone13,3",2.7.0,3.5,W25 inventory,,https://firebasestorage.googleapis.com/v0/b/wt-foundation-production.appspot.com/o/measurements%2FMeasureMethod.ADM_FIXED_PCT%2FdbhPhoto%2F1787109518153?alt=media&token=75d3885b-49eb-47b4-ab72-ef9885a10c68,https://firebasestorage.googleapis.com/v0/b/wt-foundation-production.appspot.com/o/measurements%2FMeasureMethod.ADM_FIXED_PCT%2FheightPhoto%2F1787109517015?alt=media&token=2702c8bb-a66a-483a-b663-3a902b39b391,,,,JQIAVAf4uY5gg9mOc3iH
0,0.17694766,ADM Fixed Percent,2.721534252,2026_07_05 01:00:12,35.08523833,-120.5352071,2.5,0.176,GNNIaIPthVQKUTVjjbAekjaxeHo1,,"iPhone13,3",2.7.0,"3.6
yellow / skinny",W25 inventory,,https://firebasestorage.googleapis.com/v0/b/wt-foundation-production.appspot.com/o/measurements%2FMeasureMethod.ADM_FIXED_PCT%2FdbhPhoto%2F1787109520226?alt=media&token=9caaf3e4-19fa-4961-9334-f51fc33b907f,https://firebasestorage.googleapis.com/v0/b/wt-foundation-production.appspot.com/o/measurements%2FMeasureMethod.ADM_FIXED_PCT%2FheightPhoto%2F1787109519320?alt=media&token=2beb9a70-da6e-44ea-b574-35e1aa7281f1,,,,n2xidirBmuvAUp70WfWl
0,0.137590409,ADM Fixed Percent,3.020322561,2026_07_05 01:05:04,35.08508308,-120.5352868,2.7,0.184,GNNIaIPthVQKUTVjjbAekjaxeHo1,,"iPhone13,3",2.7.0,3.7,W25 inventory,,https://firebasestorage.googleapis.com/v0/b/wt-foundation-production.appspot.com/o/measurements%2FMeasureMethod.ADM_FIXED_PCT%2FdbhPhoto%2F1787109524070?alt=media&token=4ccdb00e-ef9e-4e7d-a9d6-7e6f6aca1917,https://firebasestorage.googleapis.com/v0/b/wt-foundation-production.appspot.com/o/measurements%2FMeasureMethod.ADM_FIXED_PCT%2FheightPhoto%2F1787109521662?alt=media&token=85080467-3615-457a-8259-f5bbc5b50dce,,,,282pOoM5vJ7xZ6ob1hrs
0,0.127820011,ADM Fixed Percent,3.828832388,2026_07_05 01:06:53,35.08510433,-120.5352746,2.9,0.175,GNNIaIPthVQKUTVjjbAekjaxeHo1,,"iPhone13,3",2.7.0,3.8,W25 inventory,,https://firebasestorage.googleapis.com/v0/b/wt-foundation-production.appspot.com/o/measurements%2FMeasureMethod.ADM_FIXED_PCT%2FdbhPhoto%2F1787109525407?alt=media&token=44920988-971d-41f3-b825-52bef99546f5,https://firebasestorage.googleapis.com/v0/b/wt-foundation-production.appspot.com/o/measurements%2FMeasureMethod.ADM_FIXED_PCT%2FheightPhoto%2F1787109525342?alt=media&token=1c4d3485-0d53-4679-817a-299ee618c300,,,,fvc2mTo4J770lFMXHJdf
0,0.142338161,ADM Fixed Percent,3.553420782,2026_08_20 21:02:56,35.08517217,-120.5352246,3,0.169,GNNIaIPthVQKUTVjjbAekjaxeHo1,,"iPhone13,3",2.7.0,3.9,W25 inventory,,https://firebasestorage.googleapis.com/v0/b/wt-foundation-production.appspot.com/o/measurements%2FMeasureMethod.ADM_FIXED_PCT%2FdbhPhoto%2F1787455313957?alt=media&token=b86bdf65-a4a7-4b63-9645-99f94e42a86b,https://firebasestorage.googleapis.com/v0/b/wt-foundation-production.appspot.com/o/measurements%2FMeasureMethod.ADM_FIXED_PCT%2FheightPhoto%2F1787455313957?alt=media&token=101f78ca-b507-41a7-aff9-83d6c30c58d8,,,,qrWfDs1uxYjnrtkLNd9O
0,0.157632882,ADM Fixed Percent,3.089075804,2026_08_20 21:07:22,35.08518193,-120.5351559,2.6,0.175,GNNIaIPthVQKUTVjjbAekjaxeHo1,,"iPhone13,3",2.7.0,3.10 _,W25 inventory,,https://firebasestorage.googleapis.com/v0/b/wt-foundation-production.appspot.com/o/measurements%2FMeasureMethod.ADM_FIXED_PCT%2FdbhPhoto%2F1787455316532?alt=media&token=bfea1765-be28-422b-b247-225d4a7494b0,https://firebasestorage.googleapis.com/v0/b/wt-foundation-production.appspot.com/o/measurements%2FMeasureMethod.ADM_FIXED_PCT%2FheightPhoto%2F1787455313965?alt=media&token=653bc85d-244b-4ac4-929d-118e754b6e15,,,,1svNGynceuj7kd7orre1
0,0.135236474,ADM Fixed Percent,3.58966732,2026_08_20 21:14:21,35.08521902,-120.5351344,3,0.162,GNNIaIPthVQKUTVjjbAekjaxeHo1,,"iPhone13,3",2.7.0,3.11,W25 inventory,,https://firebasestorage.googleapis.com/v0/b/wt-foundation-production.appspot.com/o/measurements%2FMeasureMethod.ADM_FIXED_PCT%2FdbhPhoto%2F1787455320062?alt=media&token=845c2c04-8bcc-4ffa-9f8e-8434f1a2595a,https://firebasestorage.googleapis.com/v0/b/wt-foundation-production.appspot.com/o/measurements%2FMeasureMethod.ADM_FIXED_PCT%2FheightPhoto%2F1787455319501?alt=media&token=33288a04-35bf-498b-9d3a-f25004347332,,,,vovYF2NkBh9GKFdDD59H
0,0.127814226,ADM Fixed Percent,3.313754559,2026_08_20 21:19:11,35.08506593,-120.5352448,2.8,0.197,GNNIaIPthVQKUTVjjbAekjaxeHo1,,"iPhone13,3",2.7.0,3.12,W25 inventory,,https://firebasestorage.googleapis.com/v0/b/wt-foundation-production.appspot.com/o/measurements%2FMeasureMethod.ADM_FIXED_PCT%2FdbhPhoto%2F1787455322222?alt=media&token=654e0622-7958-4761-ba2c-c7eb059696a1,https://firebasestorage.googleapis.com/v0/b/wt-foundation-production.appspot.com/o/measurements%2FMeasureMethod.ADM_FIXED_PCT%2FheightPhoto%2F1787455320829?alt=media&token=ed27fd0d-2cf1-4064-a5e3-4dba691375c8,,,,ADJR15odguBO4G686aXB
0,0.202564025,ADM Fixed Percent,3.973634243,2026_08_20 21:22:29,35.08507224,-120.5351788,2.8,0.21,GNNIaIPthVQKUTVjjbAekjaxeHo1,,"iPhone13,3",2.7.0,3.13,W25 inventory,,https://firebasestorage.googleapis.com/v0/b/wt-foundation-production.appspot.com/o/measurements%2FMeasureMethod.ADM_FIXED_PCT%2FdbhPhoto%2F1787455323850?alt=media&token=1f03f959-defa-49fc-88cd-3b877f4aec2b,https://firebasestorage.googleapis.com/v0/b/wt-foundation-production.appspot.com/o/measurements%2FMeasureMethod.ADM_FIXED_PCT%2FheightPhoto%2F1787455322774?alt=media&token=c50ab419-5d0c-433a-9a7e-c991c69811bd,,,,GjhRXDy2ZgNoPBbMohSQ
0,0.237689238,ADM Fixed Percent,3.544127703,2026_08_20 21:26:39,35.08512079,-120.5351297,2.8,0.208,GNNIaIPthVQKUTVjjbAekjaxeHo1,,"iPhone13,3",2.7.0,3.14,W25 inventory,,https://firebasestorage.googleapis.com/v0/b/wt-foundation-production.appspot.com/o/measurements%2FMeasureMethod.ADM_FIXED_PCT%2FdbhPhoto%2F1787455327335?alt=media&token=4d48e3c6-400b-4484-ac43-2ce68cc60cd3,https://firebasestorage.googleapis.com/v0/b/wt-foundation-production.appspot.com/o/measurements%2FMeasureMethod.ADM_FIXED_PCT%2FheightPhoto%2F1787455325297?alt=media&token=2ed24d74-f445-43cd-80d8-403889bde8bb,,,,hy0JWkAsHvipXzSNBk44
0,0.124948877,ADM Fixed Percent,3.335551023,2026_08_20 21:29:26,35.08513001,-120.5351038,2.6,0.147,GNNIaIPthVQKUTVjjbAekjaxeHo1,,"iPhone13,3",2.7.0,3.15,W25 inventory,,https://firebasestorage.googleapis.com/v0/b/wt-foundation-production.appspot.com/o/measurements%2FMeasureMethod.ADM_FIXED_PCT%2FdbhPhoto%2F1787455330114?alt=media&token=ee439314-59c5-47da-98ba-a57f7e956ccb,https://firebasestorage.googleapis.com/v0/b/wt-foundation-production.appspot.com/o/measurements%2FMeasureMethod.ADM_FIXED_PCT%2FheightPhoto%2F1787455328405?alt=media&token=f9765b56-6f4f-4cb4-8784-87f87f9dc1e6,,,,Sa19XuFMOi2VBnA7ra4c
0,0.137887163,ADM Fixed Percent,3.562717915,2026_08_20 21:33:13,35.08516455,-120.5350722,2.5,0.165,GNNIaIPthVQKUTVjjbAekjaxeHo1,,"iPhone13,3",2.7.0,3.16,W25 inventory,,https://firebasestorage.googleapis.com/v0/b/wt-foundation-production.appspot.com/o/measurements%2FMeasureMethod.ADM_FIXED_PCT%2FdbhPhoto%2F1787455332671?alt=media&token=4164fc7b-34a6-43c3-ba6a-ba6a03369632,https://firebasestorage.googleapis.com/v0/b/wt-foundation-production.appspot.com/o/measurements%2FMeasureMethod.ADM_FIXED_PCT%2FheightPhoto%2F1787455330546?alt=media&token=9b78953c-f475-4952-999c-bf51cabf49e3,,,,4DPa4o6X8ULVgfjDgFz1
0,0.136590378,ADM Fixed Percent,3.237782001,2026_08_20 21:37:20,35.08507424,-120.5350825,2.9,0.189,GNNIaIPthVQKUTVjjbAekjaxeHo1,,"iPhone13,3",2.7.0,3.17,W25 inventory,,https://firebasestorage.googleapis.com/v0/b/wt-foundation-production.appspot.com/o/measurements%2FMeasureMethod.ADM_FIXED_PCT%2FdbhPhoto%2F1787455333810?alt=media&token=e08df2a9-c66a-4d87-80b8-98c303b84d2b,https://firebasestorage.googleapis.com/v0/b/wt-foundation-production.appspot.com/o/measurements%2FMeasureMethod.ADM_FIXED_PCT%2FheightPhoto%2F1787455333524?alt=media&token=f828ff9a-a736-4e20-8132-5c04946c7239,,,,gNyyWupwzqSHwCkghZBg
0,0.162207815,ADM Fixed Percent,3.795485497,2026_08_20 21:44:24,35.0856544,-120.534862,3.1,0.175,GNNIaIPthVQKUTVjjbAekjaxeHo1,,"iPhone13,3",2.7.0,4.1,W25 inventory,,https://firebasestorage.googleapis.com/v0/b/wt-foundation-production.appspot.com/o/measurements%2FMeasureMethod.ADM_FIXED_PCT%2FdbhPhoto%2F1787455336863?alt=media&token=1e0a2ea5-d3f2-4279-ae39-4ce3243eeea6,https://firebasestorage.googleapis.com/v0/b/wt-foundation-production.appspot.com/o/measurements%2FMeasureMethod.ADM_FIXED_PCT%2FheightPhoto%2F1787455335537?alt=media&token=fae36dc5-c89d-4f5d-9b57-6912017010bd,,,,FRudOZc1Ctm9GBSCnOjg
0,0.102993643,ADM Fixed Percent,3.195427895,2026_08_20 21:48:35,35.08557895,-120.534791,2.5,0.17,GNNIaIPthVQKUTVjjbAekjaxeHo1,,"iPhone13,3",2.7.0,"4.2
tree split in 2, measured diameter itself",W25 inventory,,https://firebasestorage.googleapis.com/v0/b/wt-foundation-production.appspot.com/o/measurements%2FMeasureMethod.ADM_FIXED_PCT%2FdbhPhoto%2F1787455338718?alt=media&token=ac63dadf-2391-498b-ba71-30f6993a7f24,https://firebasestorage.googleapis.com/v0/b/wt-foundation-production.appspot.com/o/measurements%2FMeasureMethod.ADM_FIXED_PCT%2FheightPhoto%2F1787455338252?alt=media&token=40c3a213-9387-4013-8414-39c3fa88ed59,,,,KrVFdRr2ceitoh80OOkZ
0,0.080929608,ADM Fixed Percent,3.38896203,2026_08_20 21:54:01,35.08551214,-120.5348156,2.5,0.168,GNNIaIPthVQKUTVjjbAekjaxeHo1,,"iPhone13,3",2.7.0,4.3,W25 inventory,,https://firebasestorage.googleapis.com/v0/b/wt-foundation-production.appspot.com/o/measurements%2FMeasureMethod.ADM_FIXED_PCT%2FdbhPhoto%2F1787455342531?alt=media&token=afc1b92d-beea-455e-98b6-624f98d696e4,https://firebasestorage.googleapis.com/v0/b/wt-foundation-production.appspot.com/o/measurements%2FMeasureMethod.ADM_FIXED_PCT%2FheightPhoto%2F1787455340307?alt=media&token=0431b1da-3c00-43cf-b80c-3d17a3e74f72,,,,iLSzwVTMfhxzlRZzT9gq
0,0.188718809,ADM Fixed Percent,3.658116817,2026_08_20 21:57:49,35.08555732,-120.5347806,2.8,0.186,GNNIaIPthVQKUTVjjbAekjaxeHo1,,"iPhone13,3",2.7.0,4.4,W25 inventory,,https://firebasestorage.googleapis.com/v0/b/wt-foundation-production.appspot.com/o/measurements%2FMeasureMethod.ADM_FIXED_PCT%2FdbhPhoto%2F1787455346049?alt=media&token=be46d084-99b1-4acb-b412-57a108ff78b4,https://firebasestorage.googleapis.com/v0/b/wt-foundation-production.appspot.com/o/measurements%2FMeasureMethod.ADM_FIXED_PCT%2FheightPhoto%2F1787455343705?alt=media&token=7ea2b8a0-0c76-45fa-8141-7e5bdfb46bdc,,,,D8DO3OKtM7xuJsa4xV3w
0,0.15699812,ADM Fixed Percent,3.386276245,2026_08_20 22:05:19,35.08558827,-120.5347446,2.8,0.164,GNNIaIPthVQKUTVjjbAekjaxeHo1,,"iPhone13,3",2.7.0,4.5,W25 inventory,,https://firebasestorage.googleapis.com/v0/b/wt-foundation-production.appspot.com/o/measurements%2FMeasureMethod.ADM_FIXED_PCT%2FdbhPhoto%2F1787455348180?alt=media&token=23a8e007-95b2-4f46-ad5a-7810b6410bc7,https://firebasestorage.googleapis.com/v0/b/wt-foundation-production.appspot.com/o/measurements%2FMeasureMethod.ADM_FIXED_PCT%2FheightPhoto%2F1787455346464?alt=media&token=0a455949-732f-4e32-8d83-977fbdb4620d,,,,R5UBzEfEdCLX26N5tXj0
0,0.217659848,ADM Fixed Percent,3.379696369,2026_08_20 22:08:21,35.08561876,-120.5346912,2.6,0.202,GNNIaIPthVQKUTVjjbAekjaxeHo1,,"iPhone13,3",2.7.0,4.6,W25 inventory,,https://firebasestorage.googleapis.com/v0/b/wt-foundation-production.appspot.com/o/measurements%2FMeasureMethod.ADM_FIXED_PCT%2FdbhPhoto%2F1787455350986?alt=media&token=297aa71d-ff6e-46d0-a730-c68734e89a1d,https://firebasestorage.googleapis.com/v0/b/wt-foundation-production.appspot.com/o/measurements%2FMeasureMethod.ADM_FIXED_PCT%2FheightPhoto%2F1787455348341?alt=media&token=08202e08-e8fb-4932-915d-084a273eca71,,,,erWc3TFPbYOgXwGzoW2l
0,0.149846428,ADM Fixed Percent,3.644419432,2026_08_20 22:12:23,35.08546645,-120.5348106,3.2,0.162,GNNIaIPthVQKUTVjjbAekjaxeHo1,,"iPhone13,3",2.7.0,4.7,W25 inventory,,https://firebasestorage.googleapis.com/v0/b/wt-foundation-production.appspot.com/o/measurements%2FMeasureMethod.ADM_FIXED_PCT%2FdbhPhoto%2F1787455353718?alt=media&token=b78f3266-d000-4c6f-8322-b3aa5b8c4212,https://firebasestorage.googleapis.com/v0/b/wt-foundation-production.appspot.com/o/measurements%2FMeasureMethod.ADM_FIXED_PCT%2FheightPhoto%2F1787455352273?alt=media&token=3fa8fe88-b227-4c34-bc4a-2369fb1770e9,,,,8b7wCDwslKIBasUypgv1
0,0.138430672,ADM Fixed Percent,3.1178298,2026_08_20 22:15:34,35.08548551,-120.5347881,2.7,0.165,GNNIaIPthVQKUTVjjbAekjaxeHo1,,"iPhone13,3",2.7.0,4.8,W25 inventory,,https://firebasestorage.googleapis.com/v0/b/wt-foundation-production.appspot.com/o/measurements%2FMeasureMethod.ADM_FIXED_PCT%2FdbhPhoto%2F1787455356093?alt=media&token=dee52615-e739-4873-b57c-1fde4c559edd,https://firebasestorage.googleapis.com/v0/b/wt-foundation-production.appspot.com/o/measurements%2FMeasureMethod.ADM_FIXED_PCT%2FheightPhoto%2F1787455355067?alt=media&token=a12a5184-267d-4ef1-b9f3-7da519e57418,,,,ZSRXSXXz7g523xw2BOL0
0,0.152037277,ADM Fixed Percent,3.482157469,2026_08_20 22:20:32,35.08552886,-120.534732,2.7,0.177,GNNIaIPthVQKUTVjjbAekjaxeHo1,,"iPhone13,3",2.7.0,"4.9
phytech",W25 inventory,,https://firebasestorage.googleapis.com/v0/b/wt-foundation-production.appspot.com/o/measurements%2FMeasureMethod.ADM_FIXED_PCT%2FdbhPhoto%2F1787455358441?alt=media&token=6280c9c4-8c06-4303-ae1e-a74310041555,https://firebasestorage.googleapis.com/v0/b/wt-foundation-production.appspot.com/o/measurements%2FMeasureMethod.ADM_FIXED_PCT%2FheightPhoto%2F1787455357676?alt=media&token=31c88247-7973-455b-bc8b-768253c041c1,,,,X916hiHKdNHnmMYkptNC
0,0.120981401,ADM Fixed Percent,3.745949507,2026_08_20 22:23:32,35.08553346,-120.5346705,3.2,0.16,GNNIaIPthVQKUTVjjbAekjaxeHo1,,"iPhone13,3",2.7.0,"4.10
phytech",W25 inventory,,https://firebasestorage.googleapis.com/v0/b/wt-foundation-production.appspot.com/o/measurements%2FMeasureMethod.ADM_FIXED_PCT%2FdbhPhoto%2F1787455361090?alt=media&token=1f821a18-2e99-4d28-8635-53c0ec67c9c7,https://firebasestorage.googleapis.com/v0/b/wt-foundation-production.appspot.com/o/measurements%2FMeasureMethod.ADM_FIXED_PCT%2FheightPhoto%2F1787455359043?alt=media&token=6d6624fb-e28d-441f-87a5-cfd1e20e9abc,,,,Qz7z7xw3cWERkKGGKkMH
0,0.144688876,ADM Fixed Percent,3.318924665,2026_08_20 22:27:32,35.08558321,-120.5346411,2.5,0.176,GNNIaIPthVQKUTVjjbAekjaxeHo1,,"iPhone13,3",2.7.0,"4.11
phytech",W25 inventory,,https://firebasestorage.googleapis.com/v0/b/wt-foundation-production.appspot.com/o/measurements%2FMeasureMethod.ADM_FIXED_PCT%2FdbhPhoto%2F1787455364510?alt=media&token=ad73db03-1b0d-4004-8a34-fa8c13f65e57,https://firebasestorage.googleapis.com/v0/b/wt-foundation-production.appspot.com/o/measurements%2FMeasureMethod.ADM_FIXED_PCT%2FheightPhoto%2F1787455362623?alt=media&token=a962e143-b5fa-45c7-b5bb-b734fca83c58,,,,1BqvPvYjCMhjFkhW154C
0,0.156055228,ADM Fixed Percent,3.940290689,2026_08_20 22:32:07,35.08541036,-120.5347906,3,0.186,GNNIaIPthVQKUTVjjbAekjaxeHo1,,"iPhone13,3",2.7.0,4.12,W25 inventory,,https://firebasestorage.googleapis.com/v0/b/wt-foundation-production.appspot.com/o/measurements%2FMeasureMethod.ADM_FIXED_PCT%2FdbhPhoto%2F1787455366118?alt=media&token=e2018da9-cc16-4adc-896f-01e59caf3616,https://firebasestorage.googleapis.com/v0/b/wt-foundation-production.appspot.com/o/measurements%2FMeasureMethod.ADM_FIXED_PCT%2FheightPhoto%2F1787455365566?alt=media&token=259bc2d1-88b7-4823-a1b0-ed4f05f1a81a,,,,1SuPHhzv8Jj9xBXNsTb2
0,0.161130665,ADM Fixed Percent,3.752139568,2026_08_20 22:36:18,35.08544462,-120.5347346,2.9,0.185,GNNIaIPthVQKUTVjjbAekjaxeHo1,,"iPhone13,3",2.7.0,4.13,W25 inventory,,https://firebasestorage.googleapis.com/v0/b/wt-foundation-production.appspot.com/o/measurements%2FMeasureMethod.ADM_FIXED_PCT%2FdbhPhoto%2F1787455367967?alt=media&token=b1d2fc4b-a919-435d-8df1-c7c6c232cb2a,https://firebasestorage.googleapis.com/v0/b/wt-foundation-production.appspot.com/o/measurements%2FMeasureMethod.ADM_FIXED_PCT%2FheightPhoto%2F1787455367200?alt=media&token=1c33c4bd-7527-40b8-afb5-c44fa46f9893,,,,wuBZnHYxZDc04pPujHEm
0,0.14317659,ADM Fixed Percent,3.348099947,2026_08_20 22:39:07,35.08548719,-120.5346864,3.1,0.156,GNNIaIPthVQKUTVjjbAekjaxeHo1,,"iPhone13,3",2.7.0,4.14,W25 inventory,,https://firebasestorage.googleapis.com/v0/b/wt-foundation-production.appspot.com/o/measurements%2FMeasureMethod.ADM_FIXED_PCT%2FdbhPhoto%2F1787455370427?alt=media&token=75b55e7e-a9ac-46c4-ad82-999333cead01,https://firebasestorage.googleapis.com/v0/b/wt-foundation-production.appspot.com/o/measurements%2FMeasureMethod.ADM_FIXED_PCT%2FheightPhoto%2F1787455369195?alt=media&token=0a7b699d-5aa6-4ea4-bf6d-0422fb9e4d3d,,,,MLz7LbhNmL8MT9hUsfiS
0,0.170105047,ADM Fixed Percent,3.873483181,2026_08_20 22:41:58,35.08550937,-120.5346467,3,0.168,GNNIaIPthVQKUTVjjbAekjaxeHo1,,"iPhone13,3",2.7.0,4.15,W25 inventory,,https://firebasestorage.googleapis.com/v0/b/wt-foundation-production.appspot.com/o/measurements%2FMeasureMethod.ADM_FIXED_PCT%2FdbhPhoto%2F1787455374021?alt=media&token=d62c88b5-76c6-45cd-99a7-451c921f537f,https://firebasestorage.googleapis.com/v0/b/wt-foundation-production.appspot.com/o/measurements%2FMeasureMethod.ADM_FIXED_PCT%2FheightPhoto%2F1787455373768?alt=media&token=b8c4686d-e715-45bd-ad61-48cddfbeb25c,,,,9glAiANC3WRcMT8rcPlX
0,0.144243143,ADM Fixed Percent,3.811468124,2026_08_20 22:47:16,35.08556121,-120.5346088,2.9,0.179,GNNIaIPthVQKUTVjjbAekjaxeHo1,,"iPhone13,3",2.7.0,4.16,W25 inventory,,https://firebasestorage.googleapis.com/v0/b/wt-foundation-production.appspot.com/o/measurements%2FMeasureMethod.ADM_FIXED_PCT%2FdbhPhoto%2F1787455376574?alt=media&token=303a3eb7-7757-40a5-beb2-506f45975f02,https://firebasestorage.googleapis.com/v0/b/wt-foundation-production.appspot.com/o/measurements%2FMeasureMethod.ADM_FIXED_PCT%2FheightPhoto%2F1787455375210?alt=media&token=0ff59b0b-3980-4010-a90e-f0cdc54b7d04,,,,1P4DoQaG5DG2GNcRdZAS
0,0.165606911,ADM Fixed Percent,3.970389366,2026_08_20 23:00:59,35.08566735,-120.5352383,3.4,0.175,GNNIaIPthVQKUTVjjbAekjaxeHo1,,"iPhone13,3",2.7.0,5.1,W25 inventory,,https://firebasestorage.googleapis.com/v0/b/wt-foundation-production.appspot.com/o/measurements%2FMeasureMethod.ADM_FIXED_PCT%2FdbhPhoto%2F1787455378562?alt=media&token=89e92f3c-dc23-4991-8aca-d13e1dce65a1,https://firebasestorage.googleapis.com/v0/b/wt-foundation-production.appspot.com/o/measurements%2FMeasureMethod.ADM_FIXED_PCT%2FheightPhoto%2F1787455377949?alt=media&token=4493d5d7-cf15-4f46-b2c1-3d63fc05de3f,,,,6i6Kt77XLk1Cj76O2RdX
0,0.173836818,ADM Fixed Percent,3.37645483,2026_08_20 23:04:36,35.0857331,-120.5352092,3,0.155,GNNIaIPthVQKUTVjjbAekjaxeHo1,,"iPhone13,3",2.7.0,5.2,W25 inventory,,https://firebasestorage.googleapis.com/v0/b/wt-foundation-production.appspot.com/o/measurements%2FMeasureMethod.ADM_FIXED_PCT%2FdbhPhoto%2F1787455382683?alt=media&token=32d88e2b-4f5b-4267-b2f3-7f0caad4e02d,https://firebasestorage.googleapis.com/v0/b/wt-foundation-production.appspot.com/o/measurements%2FMeasureMethod.ADM_FIXED_PCT%2FheightPhoto%2F1787455381817?alt=media&token=8a7e2d9e-faff-4ab6-a631-bfd5c8e3282c,,,,A7onkHIpim3o8tLb3gJt
0,0.091027118,ADM Fixed Percent,3.562970638,2026_08_20 23:07:39,35.08578527,-120.5351361,3.3,0.168,GNNIaIPthVQKUTVjjbAekjaxeHo1,,"iPhone13,3",2.7.0,5.3,W25 inventory,,https://firebasestorage.googleapis.com/v0/b/wt-foundation-production.appspot.com/o/measurements%2FMeasureMethod.ADM_FIXED_PCT%2FdbhPhoto%2F1787455384386?alt=media&token=e44fa472-3cb4-4516-bdf1-50a72b2f36e3,https://firebasestorage.googleapis.com/v0/b/wt-foundation-production.appspot.com/o/measurements%2FMeasureMethod.ADM_FIXED_PCT%2FheightPhoto%2F1787455383497?alt=media&token=cf011497-1fe4-4e85-9638-b796edb45e92,,,,rawMjAy1e1qP28htphW8
0,0.176464921,ADM Fixed Percent,4.015981674,2026_08_20 23:13:04,35.08558905,-120.5352416,3,0.2,GNNIaIPthVQKUTVjjbAekjaxeHo1,,"iPhone13,3",2.7.0,5.4,W25 inventory,,https://firebasestorage.googleapis.com/v0/b/wt-foundation-production.appspot.com/o/measurements%2FMeasureMethod.ADM_FIXED_PCT%2FdbhPhoto%2F1787455386793?alt=media&token=28c7e9cc-ade6-43f4-a570-67b129a52dc3,https://firebasestorage.googleapis.com/v0/b/wt-foundation-production.appspot.com/o/measurements%2FMeasureMethod.ADM_FIXED_PCT%2FheightPhoto%2F1787455385534?alt=media&token=15d90e41-286c-43ec-93c8-2b60a2fd428f,,,,rIs0JNNHrOqX5LEGE0HB
0,0.1323119,ADM Fixed Percent,3.453301907,2026_08_20 23:16:27,35.08564041,-120.535162,3.3,0.17,GNNIaIPthVQKUTVjjbAekjaxeHo1,,"iPhone13,3",2.7.0,5.5,W25 inventory,,https://firebasestorage.googleapis.com/v0/b/wt-foundation-production.appspot.com/o/measurements%2FMeasureMethod.ADM_FIXED_PCT%2FdbhPhoto%2F1787455389290?alt=media&token=7c18d231-4177-4418-804b-18bae1f50c52,https://firebasestorage.googleapis.com/v0/b/wt-foundation-production.appspot.com/o/measurements%2FMeasureMethod.ADM_FIXED_PCT%2FheightPhoto%2F1787455387834?alt=media&token=183e1897-5a04-46e8-960d-dac6a206e9db,,,,wHuYWhXXfXoEqqkkLYOD
0,0.193711211,ADM Fixed Percent,3.940821171,2026_08_20 23:19:07,35.08572603,-120.5350871,3.5,0.188,GNNIaIPthVQKUTVjjbAekjaxeHo1,,"iPhone13,3",2.7.0,5.6,W25 inventory,,https://firebasestorage.googleapis.com/v0/b/wt-foundation-production.appspot.com/o/measurements%2FMeasureMethod.ADM_FIXED_PCT%2FdbhPhoto%2F1787455391223?alt=media&token=2f72272e-a6fd-4767-bf1a-4a39c5d52384,https://firebasestorage.googleapis.com/v0/b/wt-foundation-production.appspot.com/o/measurements%2FMeasureMethod.ADM_FIXED_PCT%2FheightPhoto%2F1787455390707?alt=media&token=2fbffad6-49cf-4ea4-8c5a-30ae88590f5c,,,,nZ90db8RRsdlbY1VQdPz
0,0.151434822,ADM Fixed Percent,3.518859386,2026_08_20 23:22:26,35.08575576,-120.5350821,3.1,0.18,GNNIaIPthVQKUTVjjbAekjaxeHo1,,"iPhone13,3",2.7.0,5.7,W25 inventory,,https://firebasestorage.googleapis.com/v0/b/wt-foundation-production.appspot.com/o/measurements%2FMeasureMethod.ADM_FIXED_PCT%2FdbhPhoto%2F1787455393851?alt=media&token=a0951a94-3097-4f7b-a33d-286274e10f19,https://firebasestorage.googleapis.com/v0/b/wt-foundation-production.appspot.com/o/measurements%2FMeasureMethod.ADM_FIXED_PCT%2FheightPhoto%2F1787455392171?alt=media&token=97eaf44c-d3f3-4a08-8e56-ef9bb3b85cb8,,,,8K6BDCqeOGovSUWFLPdu
0,0.111334339,ADM Fixed Percent,3.814294577,2026_08_20 23:26:37,35.08557238,-120.5351755,3.2,0.166,GNNIaIPthVQKUTVjjbAekjaxeHo1,,"iPhone13,3",2.7.0,5.8,W25 inventory,,https://firebasestorage.googleapis.com/v0/b/wt-foundation-production.appspot.com/o/measurements%2FMeasureMethod.ADM_FIXED_PCT%2FdbhPhoto%2F1787455396781?alt=media&token=4c4efab7-fe00-480a-bbfe-419d34ccf899,https://firebasestorage.googleapis.com/v0/b/wt-foundation-production.appspot.com/o/measurements%2FMeasureMethod.ADM_FIXED_PCT%2FheightPhoto%2F1787455394068?alt=media&token=acb93e8d-3dbc-4e16-b53e-af5a9e75971a,,,,sGEQX2iccn77rCP152Lj
0,0.136489843,ADM Fixed Percent,3.473647594,2026_08_20 23:29:06,35.08560513,-120.5351503,3.1,0.165,GNNIaIPthVQKUTVjjbAekjaxeHo1,,"iPhone13,3",2.7.0,5.9,W25 inventory,,https://firebasestorage.googleapis.com/v0/b/wt-foundation-production.appspot.com/o/measurements%2FMeasureMethod.ADM_FIXED_PCT%2FdbhPhoto%2F1787455398360?alt=media&token=f7d9b682-bb87-4b5b-84e4-d668cda97a05,https://firebasestorage.googleapis.com/v0/b/wt-foundation-production.appspot.com/o/measurements%2FMeasureMethod.ADM_FIXED_PCT%2FheightPhoto%2F1787455397804?alt=media&token=857ed81d-474a-4749-9adf-9cff4648dba7,,,,6xUuqLsJDVUBcbXhLdIz
0,0.139027653,ADM Fixed Percent,3.706572771,2026_08_20 23:32:20,35.08562154,-120.5350864,3,0.185,GNNIaIPthVQKUTVjjbAekjaxeHo1,,"iPhone13,3",2.7.0,5.10 _,W25 inventory,,https://firebasestorage.googleapis.com/v0/b/wt-foundation-production.appspot.com/o/measurements%2FMeasureMethod.ADM_FIXED_PCT%2FdbhPhoto%2F1787455400406?alt=media&token=c2aca557-3697-44d9-ab13-6fe27e5a547a,https://firebasestorage.googleapis.com/v0/b/wt-foundation-production.appspot.com/o/measurements%2FMeasureMethod.ADM_FIXED_PCT%2FheightPhoto%2F1787455399388?alt=media&token=996b7986-0f43-4ca8-8652-6d7a54d28c87,,,,IIQFY4C78ItZm4GHBdng
0,0.144983509,ADM Fixed Percent,3.672569513,2026_08_20 23:35:43,35.08567611,-120.5350374,3.2,0.144,GNNIaIPthVQKUTVjjbAekjaxeHo1,,"iPhone13,3",2.7.0,5.11,W25 inventory,,https://firebasestorage.googleapis.com/v0/b/wt-foundation-production.appspot.com/o/measurements%2FMeasureMethod.ADM_FIXED_PCT%2FdbhPhoto%2F1787455401987?alt=media&token=1c5ad9b8-ea6e-4775-be69-bf9668c7d7c7,https://firebasestorage.googleapis.com/v0/b/wt-foundation-production.appspot.com/o/measurements%2FMeasureMethod.ADM_FIXED_PCT%2FheightPhoto%2F1787455401887?alt=media&token=a82cbe7b-698f-402b-ac7c-42c984952458,,,,8KBeCYrVUmicPmGhijbq
0,0.140267464,ADM Fixed Percent,3.936743975,2026_08_20 23:40:14,35.08568276,-120.5350275,3.3,0.187,GNNIaIPthVQKUTVjjbAekjaxeHo1,,"iPhone13,3",2.7.0,5.12,W25 inventory,,https://firebasestorage.googleapis.com/v0/b/wt-foundation-production.appspot.com/o/measurements%2FMeasureMethod.ADM_FIXED_PCT%2FdbhPhoto%2F1787455405410?alt=media&token=125d3363-3131-4f14-bfc6-82a4c0fffc25,https://firebasestorage.googleapis.com/v0/b/wt-foundation-production.appspot.com/o/measurements%2FMeasureMethod.ADM_FIXED_PCT%2FheightPhoto%2F1787455404126?alt=media&token=1d01aebe-d462-4bf9-b2d9-4fc00402ee01,,,,ezQQyUAgomRGXalPBovm
0,0.166638396,ADM Fixed Percent,3.426898241,2026_08_20 23:45:53,35.08564728,-120.5349869,3,0.17,GNNIaIPthVQKUTVjjbAekjaxeHo1,,"iPhone13,3",2.7.0,5.16,W25 inventory,,https://firebasestorage.googleapis.com/v0/b/wt-foundation-production.appspot.com/o/measurements%2FMeasureMethod.ADM_FIXED_PCT%2FdbhPhoto%2F1787455407968?alt=media&token=1e914149-1018-423f-bf34-0d5eb4bc436a,https://firebasestorage.googleapis.com/v0/b/wt-foundation-production.appspot.com/o/measurements%2FMeasureMethod.ADM_FIXED_PCT%2FheightPhoto%2F1787455406704?alt=media&token=62807626-6b37-442c-a667-672f5fea5edc,,,,lg1HmH3u2GsoZRYNZCfg
0,0.13477005,ADM Fixed Percent,3.334241867,2026_08_20 23:49:55,35.08554486,-120.5351251,3,0.156,GNNIaIPthVQKUTVjjbAekjaxeHo1,,"iPhone13,3",2.7.0,5.13,W25 inventory,,https://firebasestorage.googleapis.com/v0/b/wt-foundation-production.appspot.com/o/measurements%2FMeasureMethod.ADM_FIXED_PCT%2FdbhPhoto%2F1787455409570?alt=media&token=4ca87b6b-9f10-4959-be96-4d8a0c27d7eb,https://firebasestorage.googleapis.com/v0/b/wt-foundation-production.appspot.com/o/measurements%2FMeasureMethod.ADM_FIXED_PCT%2FheightPhoto%2F1787455409336?alt=media&token=22a08dc4-ef56-4e26-909a-2746ed2b9e57,,,,kuGdSlRzKmaX2PXN7f42
0,0.17744504,ADM Fixed Percent,3.202674866,2026_08_20 23:54:23,35.08557981,-120.5350753,2.6,0.182,GNNIaIPthVQKUTVjjbAekjaxeHo1,,"iPhone13,3",2.7.0,5.14,W25 inventory,,https://firebasestorage.googleapis.com/v0/b/wt-foundation-production.appspot.com/o/measurements%2FMeasureMethod.ADM_FIXED_PCT%2FdbhPhoto%2F1787455412636?alt=media&token=70e0ec8b-0da4-4e8f-a14b-0319b0b8d7a7,https://firebasestorage.googleapis.com/v0/b/wt-foundation-production.appspot.com/o/measurements%2FMeasureMethod.ADM_FIXED_PCT%2FheightPhoto%2F1787455411452?alt=media&token=4da28834-b060-4a54-b2e0-47ef63a7ee9a,,,,NdvydZgDxo0IaIETMAC2
0,0.134906174,ADM Fixed Percent,3.645120621,2026_08_20 23:57:39,35.08560117,-120.5350105,3.3,0.191,GNNIaIPthVQKUTVjjbAekjaxeHo1,,"iPhone13,3",2.7.0,5.15,W25 inventory,,https://firebasestorage.googleapis.com/v0/b/wt-foundation-production.appspot.com/o/measurements%2FMeasureMethod.ADM_FIXED_PCT%2FdbhPhoto%2F1787455414958?alt=media&token=7fbea591-0fdf-4ab7-8789-0220c6bae4e4,https://firebasestorage.googleapis.com/v0/b/wt-foundation-production.appspot.com/o/measurements%2FMeasureMethod.ADM_FIXED_PCT%2FheightPhoto%2F1787455414210?alt=media&token=deb93c9c-d6c8-4df3-baeb-6c61760c8176,,,,EKuJ7QOIEN2rDD7R95ky
0,0.200418179,ADM Fixed Percent,3.906721592,2026_08_21 21:10:47,35.08514608,-120.535826,3.3,0.197,GNNIaIPthVQKUTVjjbAekjaxeHo1,,"iPhone13,3",2.7.0,6.1,W25 inventory,,https://firebasestorage.googleapis.com/v0/b/wt-foundation-production.appspot.com/o/measurements%2FMeasureMethod.ADM_FIXED_PCT%2FdbhPhoto%2F1787455418272?alt=media&token=2f720129-6329-4b1b-bc05-accd2c8c7199,https://firebasestorage.googleapis.com/v0/b/wt-foundation-production.appspot.com/o/measurements%2FMeasureMethod.ADM_FIXED_PCT%2FheightPhoto%2F1787455415938?alt=media&token=5eb90e56-98e5-4e75-a14d-9ea76c25eadf,,,,r60CnzYZWDeHRK16XB4W
0,0.138281892,ADM Fixed Percent,3.604321957,2026_08_21 21:13:14,35.08536587,-120.5356436,3.1,0.169,GNNIaIPthVQKUTVjjbAekjaxeHo1,,"iPhone13,3",2.7.0,6.2,W25 inventory,,https://firebasestorage.googleapis.com/v0/b/wt-foundation-production.appspot.com/o/measurements%2FMeasureMethod.ADM_FIXED_PCT%2FdbhPhoto%2F1787455420384?alt=media&token=a28c9221-9748-48dc-956b-fb1908196519,https://firebasestorage.googleapis.com/v0/b/wt-foundation-production.appspot.com/o/measurements%2FMeasureMethod.ADM_FIXED_PCT%2FheightPhoto%2F1787455419768?alt=media&token=cd719c75-4f09-40a0-9f93-58a62b957299,,,,2IsyIyEz7CAl6HbIiVvH
0,0.092966374,ADM Fixed Percent,3.450216293,2026_08_21 21:15:57,35.08539291,-120.5355981,2.7,0.177,GNNIaIPthVQKUTVjjbAekjaxeHo1,,"iPhone13,3",2.7.0,6.3,W25 inventory,,https://firebasestorage.googleapis.com/v0/b/wt-foundation-production.appspot.com/o/measurements%2FMeasureMethod.ADM_FIXED_PCT%2FdbhPhoto%2F1787455423058?alt=media&token=fde213b7-8e91-451f-89e3-009730178b2e,https://firebasestorage.googleapis.com/v0/b/wt-foundation-production.appspot.com/o/measurements%2FMeasureMethod.ADM_FIXED_PCT%2FheightPhoto%2F1787455421499?alt=media&token=244c5afe-dbab-4666-a77a-b34cad6c6dcc,,,,kpxmsjjse8QRumzpTcUy
0,0.194032078,ADM Fixed Percent,3.497831106,2026_08_21 21:19:46,35.08528415,-120.5357237,3.2,0.18,GNNIaIPthVQKUTVjjbAekjaxeHo1,,"iPhone13,3",2.7.0,6.4,W25 inventory,,https://firebasestorage.googleapis.com/v0/b/wt-foundation-production.appspot.com/o/measurements%2FMeasureMethod.ADM_FIXED_PCT%2FdbhPhoto%2F1787455425365?alt=media&token=c97577ad-7f0b-41a4-b275-4876088f82d3,https://firebasestorage.googleapis.com/v0/b/wt-foundation-production.appspot.com/o/measurements%2FMeasureMethod.ADM_FIXED_PCT%2FheightPhoto%2F1787455423975?alt=media&token=33a96ac8-7c81-41dd-acaa-ea2d2878d29e,,,,6tF1AtbNJMhoAHt5I1gM
0,0.226393425,ADM Fixed Percent,3.551106691,2026_08_21 21:22:35,35.08530986,-120.5356448,2.9,0.174,GNNIaIPthVQKUTVjjbAekjaxeHo1,,"iPhone13,3",2.7.0,6.5,W25 inventory,,https://firebasestorage.googleapis.com/v0/b/wt-foundation-production.appspot.com/o/measurements%2FMeasureMethod.ADM_FIXED_PCT%2FdbhPhoto%2F1787455427017?alt=media&token=2c8e9c3a-1842-40d1-9b51-725911aa2c78,https://firebasestorage.googleapis.com/v0/b/wt-foundation-production.appspot.com/o/measurements%2FMeasureMethod.ADM_FIXED_PCT%2FheightPhoto%2F1787455425710?alt=media&token=b8fb39ba-a337-469d-96c2-3e3ce9141236,,,,GwkDBThaUWQih88odGbm
0,0.127487429,ADM Fixed Percent,3.825143337,2026_08_21 21:24:52,35.08533049,-120.535585,3.4,0.172,GNNIaIPthVQKUTVjjbAekjaxeHo1,,"iPhone13,3",2.7.0,6.6,W25 inventory,,https://firebasestorage.googleapis.com/v0/b/wt-foundation-production.appspot.com/o/measurements%2FMeasureMethod.ADM_FIXED_PCT%2FdbhPhoto%2F1787455430902?alt=media&token=ed1df765-5dc4-4d58-91ad-cb2629dcad74,https://firebasestorage.googleapis.com/v0/b/wt-foundation-production.appspot.com/o/measurements%2FMeasureMethod.ADM_FIXED_PCT%2FheightPhoto%2F1787455430765?alt=media&token=ee2f3e91-3e44-446b-a144-7d72e4fc9401,,,,MmXK6JloMYWHP7amdYIn
0,0.080709552,ADM Fixed Percent,3.708598375,2026_08_21 21:26:49,35.08538651,-120.5355673,3.4,0.158,GNNIaIPthVQKUTVjjbAekjaxeHo1,,"iPhone13,3",2.7.0,6.7,W25 inventory,,https://firebasestorage.googleapis.com/v0/b/wt-foundation-production.appspot.com/o/measurements%2FMeasureMethod.ADM_FIXED_PCT%2FdbhPhoto%2F1787455433951?alt=media&token=96c02948-7e76-44d8-a286-0e473bd3f837,https://firebasestorage.googleapis.com/v0/b/wt-foundation-production.appspot.com/o/measurements%2FMeasureMethod.ADM_FIXED_PCT%2FheightPhoto%2F1787455432810?alt=media&token=c6495caf-973b-45ff-8e7d-0f3eaa43451a,,,,h1zmhVHyLYLVyH2trq8R
0,0.168236343,ADM Fixed Percent,3.826565742,2026_08_21 21:28:59,35.08541462,-120.5355372,3.3,0.2,GNNIaIPthVQKUTVjjbAekjaxeHo1,,"iPhone13,3",2.7.0,6.8,W25 inventory,,https://firebasestorage.googleapis.com/v0/b/wt-foundation-production.appspot.com/o/measurements%2FMeasureMethod.ADM_FIXED_PCT%2FdbhPhoto%2F1787455436151?alt=media&token=c2d8a9e9-e883-4784-b86b-d1778ed31ff5,https://firebasestorage.googleapis.com/v0/b/wt-foundation-production.appspot.com/o/measurements%2FMeasureMethod.ADM_FIXED_PCT%2FheightPhoto%2F1787455435269?alt=media&token=fda26d22-018e-46ca-946f-1b90940a849b,,,,XgNa7hZdhQ0YRqwOxEi2
0,0.136558987,ADM Fixed Percent,3.34551096,2026_08_21 21:31:56,35.08523457,-120.5356586,2.9,0.162,GNNIaIPthVQKUTVjjbAekjaxeHo1,,"iPhone13,3",2.7.0,6.9,W25 inventory,,https://firebasestorage.googleapis.com/v0/b/wt-foundation-production.appspot.com/o/measurements%2FMeasureMethod.ADM_FIXED_PCT%2FdbhPhoto%2F1787455437774?alt=media&token=046eeacf-cb2c-4e69-b133-330d0595d427,https://firebasestorage.googleapis.com/v0/b/wt-foundation-production.appspot.com/o/measurements%2FMeasureMethod.ADM_FIXED_PCT%2FheightPhoto%2F1787455437239?alt=media&token=1dc60112-0461-4fdb-a8b7-7c7ec13a7073,,,,94G0R0DxHv7pX7rTUgix
0,0.087618261,ADM Fixed Percent,3.474938154,2026_08_21 21:35:34,35.08528478,-120.5356467,3,0.161,GNNIaIPthVQKUTVjjbAekjaxeHo1,,"iPhone13,3",2.7.0,6.10 _,W25 inventory,,https://firebasestorage.googleapis.com/v0/b/wt-foundation-production.appspot.com/o/measurements%2FMeasureMethod.ADM_FIXED_PCT%2FdbhPhoto%2F1787455442030?alt=media&token=f3848b27-09b7-4587-a921-9222d1033192,https://firebasestorage.googleapis.com/v0/b/wt-foundation-production.appspot.com/o/measurements%2FMeasureMethod.ADM_FIXED_PCT%2FheightPhoto%2F1787455440525?alt=media&token=3bad53f6-4611-4a11-9f28-c15b2ecbc95a,,,,gU02phdC7qLHpV5M8oUc
0,0.144043464,ADM Fixed Percent,4.007997036,2026_08_21 21:40:13,35.08529767,-120.5355665,3.2,0.158,GNNIaIPthVQKUTVjjbAekjaxeHo1,,"iPhone13,3",2.7.0,6.11,W25 inventory,,https://firebasestorage.googleapis.com/v0/b/wt-foundation-production.appspot.com/o/measurements%2FMeasureMethod.ADM_FIXED_PCT%2FdbhPhoto%2F1787455443409?alt=media&token=70ca287a-5386-4d92-afac-7adf5adb1835,https://firebasestorage.googleapis.com/v0/b/wt-foundation-production.appspot.com/o/measurements%2FMeasureMethod.ADM_FIXED_PCT%2FheightPhoto%2F1787455442501?alt=media&token=b3e5f23f-677b-443c-9298-8e3159f93a58,,,,7yIhIEXHOuzyiwFNLi9Z
0,0.14121236,ADM Fixed Percent,3.642033815,2026_08_21 21:43:49,35.08534422,-120.5354952,3.3,0.16,GNNIaIPthVQKUTVjjbAekjaxeHo1,,"iPhone13,3",2.7.0,6.12,W25 inventory,,https://firebasestorage.googleapis.com/v0/b/wt-foundation-production.appspot.com/o/measurements%2FMeasureMethod.ADM_FIXED_PCT%2FdbhPhoto%2F1787455445055?alt=media&token=f6d7f0c2-e3f8-4971-8101-d76d85e04f2e,https://firebasestorage.googleapis.com/v0/b/wt-foundation-production.appspot.com/o/measurements%2FMeasureMethod.ADM_FIXED_PCT%2FheightPhoto%2F1787455444886?alt=media&token=fef6a21d-7f98-4940-b99d-1bbb86e020a3,,,,I99joPXXOhMnssshPUdf
0,0.067364603,ADM Fixed Percent,3.287435055,2026_08_21 21:46:23,35.08537303,-120.5354535,2.9,0.185,GNNIaIPthVQKUTVjjbAekjaxeHo1,,"iPhone13,3",2.7.0,6.13,W25 inventory,,https://firebasestorage.googleapis.com/v0/b/wt-foundation-production.appspot.com/o/measurements%2FMeasureMethod.ADM_FIXED_PCT%2FdbhPhoto%2F1787455448203?alt=media&token=b7e85650-f6cd-42f9-93e6-9a946dad1137,https://firebasestorage.googleapis.com/v0/b/wt-foundation-production.appspot.com/o/measurements%2FMeasureMethod.ADM_FIXED_PCT%2FheightPhoto%2F1787455446324?alt=media&token=3acedd17-8a8e-4d73-9b18-49964a24b09b,,,,k4bXmSeMUnWtpFIUZPwW
0,0.177597013,ADM Fixed Percent,3.501602173,2026_08_21 21:49:20,35.08519924,-120.5355697,3.3,0.19,GNNIaIPthVQKUTVjjbAekjaxeHo1,,"iPhone13,3",2.7.0,6.14,W25 inventory,,https://firebasestorage.googleapis.com/v0/b/wt-foundation-production.appspot.com/o/measurements%2FMeasureMethod.ADM_FIXED_PCT%2FdbhPhoto%2F1787455450305?alt=media&token=994a17c3-df0e-47e9-b064-f16895dfa8b2,https://firebasestorage.googleapis.com/v0/b/wt-foundation-production.appspot.com/o/measurements%2FMeasureMethod.ADM_FIXED_PCT%2FheightPhoto%2F1787455449651?alt=media&token=682e7d01-64d0-4c26-ad37-95e873a6f4a8,,,,QN0tMFRL1ZCvDOHAFOtV
0,0.122192297,ADM Fixed Percent,3.653270483,2026_08_21 21:53:14,35.08524361,-120.5355256,3.1,0.213,GNNIaIPthVQKUTVjjbAekjaxeHo1,,"iPhone13,3",2.7.0,6.15 -stem 1,W25 inventory,,https://firebasestorage.googleapis.com/v0/b/wt-foundation-production.appspot.com/o/measurements%2FMeasureMethod.ADM_FIXED_PCT%2FdbhPhoto%2F1787455454262?alt=media&token=2327dba6-fb63-462e-bff9-09778c65b879,https://firebasestorage.googleapis.com/v0/b/wt-foundation-production.appspot.com/o/measurements%2FMeasureMethod.ADM_FIXED_PCT%2FheightPhoto%2F1787455451302?alt=media&token=a92b6c01-aaab-4cf6-8631-6cbc8628d0e1,,,,asVgAddXJMwxAtiKMp0b
0,0.161309934,ADM Fixed Percent,1.028313994,2026_08_21 21:54:15,35.08524787,-120.5355342,,,GNNIaIPthVQKUTVjjbAekjaxeHo1,,"iPhone13,3",2.7.0,6.15-stem 2,W25 inventory,,https://firebasestorage.googleapis.com/v0/b/wt-foundation-production.appspot.com/o/measurements%2FMeasureMethod.ADM_FIXED_PCT%2FdbhPhoto%2F1787455455695?alt=media&token=eb423f15-c3d8-48d0-9f20-743f3bc12ab5,https://firebasestorage.googleapis.com/v0/b/wt-foundation-production.appspot.com/o/measurements%2FMeasureMethod.ADM_FIXED_PCT%2FheightPhoto%2F1787455455477?alt=media&token=4f582f0c-1153-4026-9f77-f16520d1e664,,,,4cFmAJab3XG8Vmov0isg
0,0.140902682,ADM Fixed Percent,4.243186951,2026_08_21 21:57:38,35.08528245,-120.535501,3.6,0.167,GNNIaIPthVQKUTVjjbAekjaxeHo1,,"iPhone13,3",2.7.0,6.16,W25 inventory,,https://firebasestorage.googleapis.com/v0/b/wt-foundation-production.appspot.com/o/measurements%2FMeasureMethod.ADM_FIXED_PCT%2FdbhPhoto%2F1787455458614?alt=media&token=0023e00e-117d-4a3e-81d8-59f5b71ac782,https://firebasestorage.googleapis.com/v0/b/wt-foundation-production.appspot.com/o/measurements%2FMeasureMethod.ADM_FIXED_PCT%2FheightPhoto%2F1787455457325?alt=media&token=c13a720b-0732-4721-98cb-210da519172e,,,,eFTMf1IzrMDZ3R25CbRx
0,0.136979254,ADM Fixed Percent,3.627522707,2026_08_21 22:00:10,35.0853075,-120.5354442,3.5,0.175,GNNIaIPthVQKUTVjjbAekjaxeHo1,,"iPhone13,3",2.7.0,6.17,W25 inventory,,https://firebasestorage.googleapis.com/v0/b/wt-foundation-production.appspot.com/o/measurements%2FMeasureMethod.ADM_FIXED_PCT%2FdbhPhoto%2F1787455460895?alt=media&token=ec6b4f6a-7b91-46aa-afe0-af874dc106a9,https://firebasestorage.googleapis.com/v0/b/wt-foundation-production.appspot.com/o/measurements%2FMeasureMethod.ADM_FIXED_PCT%2FheightPhoto%2F1787455459726?alt=media&token=e80de7fc-1d60-4199-962a-8e8a32db11c3,,,,kD94bAUcwr1eSYtFWsxz
0,0.192970511,ADM Fixed Percent,3.440862417,2026_08_21 22:08:24,35.08491699,-120.5361192,3.2,0.194,GNNIaIPthVQKUTVjjbAekjaxeHo1,,"iPhone13,3",2.7.0,7.1,W25 inventory,,https://firebasestorage.googleapis.com/v0/b/wt-foundation-production.appspot.com/o/measurements%2FMeasureMethod.ADM_FIXED_PCT%2FdbhPhoto%2F1787455464425?alt=media&token=351a3508-151a-408a-a4e3-6ed7bac6ef8c,https://firebasestorage.googleapis.com/v0/b/wt-foundation-production.appspot.com/o/measurements%2FMeasureMethod.ADM_FIXED_PCT%2FheightPhoto%2F1787455463649?alt=media&token=5033c3ce-fa89-4a48-9dba-d7ddd0d59c43,,,,xaZe0Urbd0QmTPJJrtPG
0,0.213814524,ADM Fixed Percent,3.853593111,2026_08_21 22:10:18,35.08497108,-120.5361327,2.9,0.21,GNNIaIPthVQKUTVjjbAekjaxeHo1,,"iPhone13,3",2.7.0,7.2,W25 inventory,,https://firebasestorage.googleapis.com/v0/b/wt-foundation-production.appspot.com/o/measurements%2FMeasureMethod.ADM_FIXED_PCT%2FdbhPhoto%2F1787455467524?alt=media&token=0046833f-bfb4-4bbd-a23f-6f916f617442,https://firebasestorage.googleapis.com/v0/b/wt-foundation-production.appspot.com/o/measurements%2FMeasureMethod.ADM_FIXED_PCT%2FheightPhoto%2F1787455465514?alt=media&token=d4290985-6c6e-4ab0-a866-2ee27ba83a09,,,,U1Y4NrjKW7HFhZMd5xOQ
0,0.230805602,ADM Fixed Percent,3.699635744,2026_08_21 22:13:32,35.08503121,-120.5360709,3,0.211,GNNIaIPthVQKUTVjjbAekjaxeHo1,,"iPhone13,3",2.7.0,7.3,W25 inventory,,https://firebasestorage.googleapis.com/v0/b/wt-foundation-production.appspot.com/o/measurements%2FMeasureMethod.ADM_FIXED_PCT%2FdbhPhoto%2F1787455468734?alt=media&token=6e640878-61b3-49f5-8494-5fd8b5c8c245,https://firebasestorage.googleapis.com/v0/b/wt-foundation-production.appspot.com/o/measurements%2FMeasureMethod.ADM_FIXED_PCT%2FheightPhoto%2F1787455467810?alt=media&token=0672a795-a1b4-4d91-bb85-2cc0bdbd75b3,,,,hRh1uITWsp9977NrZbG6
0,0.175782623,ADM Fixed Percent,3.308177471,2026_08_21 22:16:01,35.0850474,-120.5360084,3,0.179,GNNIaIPthVQKUTVjjbAekjaxeHo1,,"iPhone13,3",2.7.0,7.4,W25 inventory,,https://firebasestorage.googleapis.com/v0/b/wt-foundation-production.appspot.com/o/measurements%2FMeasureMethod.ADM_FIXED_PCT%2FdbhPhoto%2F1787455471419?alt=media&token=b0ebb636-85be-45d4-aa2f-cc2c6fbb2dbd,https://firebasestorage.googleapis.com/v0/b/wt-foundation-production.appspot.com/o/measurements%2FMeasureMethod.ADM_FIXED_PCT%2FheightPhoto%2F1787455470019?alt=media&token=2a4e2930-b91a-467c-9240-ced15bbb84b9,,,,W6OsXAE3IchVXcQ01xe7
0,0.17974123,ADM Fixed Percent,3.745263577,2026_08_21 22:18:10,35.08508031,-120.5359772,3.4,0.185,GNNIaIPthVQKUTVjjbAekjaxeHo1,,"iPhone13,3",2.7.0,7.5,W25 inventory,,https://firebasestorage.googleapis.com/v0/b/wt-foundation-production.appspot.com/o/measurements%2FMeasureMethod.ADM_FIXED_PCT%2FdbhPhoto%2F1787455475149?alt=media&token=7c631b99-02f1-429c-8e54-f772b00a037f,https://firebasestorage.googleapis.com/v0/b/wt-foundation-production.appspot.com/o/measurements%2FMeasureMethod.ADM_FIXED_PCT%2FheightPhoto%2F1787455472699?alt=media&token=fc023956-4326-4198-a957-6ea0e503fb90,,,,X1Hil9FHOiu3mdDJ9qg9
0,0.162271075,ADM Fixed Percent,3.422159672,2026_08_21 22:22:29,35.0849128,-120.5360945,2.8,0.185,GNNIaIPthVQKUTVjjbAekjaxeHo1,,"iPhone13,3",2.7.0,7.6,W25 inventory,,https://firebasestorage.googleapis.com/v0/b/wt-foundation-production.appspot.com/o/measurements%2FMeasureMethod.ADM_FIXED_PCT%2FdbhPhoto%2F1787455475923?alt=media&token=7f9c3f0e-aa9b-4a07-9298-0c9bfdb0ec06,https://firebasestorage.googleapis.com/v0/b/wt-foundation-production.appspot.com/o/measurements%2FMeasureMethod.ADM_FIXED_PCT%2FheightPhoto%2F1787455475445?alt=media&token=3e2ea860-7de1-440b-b946-df9c1b54e017,,,,TnbtwzOZUZRwhQzywTkR
0,0.066998458,ADM Fixed Percent,3.411982536,2026_08_21 22:25:15,35.08495335,-120.5360389,3,0.178,GNNIaIPthVQKUTVjjbAekjaxeHo1,,"iPhone13,3",2.7.0,7.7,W25 inventory,,https://firebasestorage.googleapis.com/v0/b/wt-foundation-production.appspot.com/o/measurements%2FMeasureMethod.ADM_FIXED_PCT%2FdbhPhoto%2F1787455478066?alt=media&token=e4facae2-4bef-4e4c-b3c6-aeb4a8f9b67b,https://firebasestorage.googleapis.com/v0/b/wt-foundation-production.appspot.com/o/measurements%2FMeasureMethod.ADM_FIXED_PCT%2FheightPhoto%2F1787455476840?alt=media&token=2f3602cb-5f98-4397-a6cb-accf4acf4a27,,,,EYZaEdU7YROgD4kxjX0I
0,0.203338521,ADM Fixed Percent,3.570668459,2026_08_21 22:28:00,35.08495704,-120.5360315,3.1,0.24,GNNIaIPthVQKUTVjjbAekjaxeHo1,,"iPhone13,3",2.7.0,7.8,W25 inventory,,https://firebasestorage.googleapis.com/v0/b/wt-foundation-production.appspot.com/o/measurements%2FMeasureMethod.ADM_FIXED_PCT%2FdbhPhoto%2F1787455481939?alt=media&token=99d7efb2-4b05-4d54-a044-faaefd5b6c90,https://firebasestorage.googleapis.com/v0/b/wt-foundation-production.appspot.com/o/measurements%2FMeasureMethod.ADM_FIXED_PCT%2FheightPhoto%2F1787455480058?alt=media&token=881b5b71-85ea-4e36-959f-c8ed1104bb0f,,,,4z3Eg663tODlAS1wa9jG
0,0.212029607,ADM Fixed Percent,3.797145128,2026_08_21 22:30:49,35.08501519,-120.53598,3.3,0.197,GNNIaIPthVQKUTVjjbAekjaxeHo1,,"iPhone13,3",2.7.0,7.9,W25 inventory,,https://firebasestorage.googleapis.com/v0/b/wt-foundation-production.appspot.com/o/measurements%2FMeasureMethod.ADM_FIXED_PCT%2FdbhPhoto%2F1787455483910?alt=media&token=9e609f47-6e4c-496f-ae15-b120e1c3da58,https://firebasestorage.googleapis.com/v0/b/wt-foundation-production.appspot.com/o/measurements%2FMeasureMethod.ADM_FIXED_PCT%2FheightPhoto%2F1787455483196?alt=media&token=579a0a9c-12c7-4fc4-91e9-2820f33ad1ba,,,,9cPXGVwASsnfMrTAgPiI
0,0.198098826,ADM Fixed Percent,3.450373411,2026_08_21 22:32:59,35.0850299,-120.5359316,3,0.195,GNNIaIPthVQKUTVjjbAekjaxeHo1,,"iPhone13,3",2.7.0,7.10 _,W25 inventory,,https://firebasestorage.googleapis.com/v0/b/wt-foundation-production.appspot.com/o/measurements%2FMeasureMethod.ADM_FIXED_PCT%2FdbhPhoto%2F1787455485869?alt=media&token=46556657-0a10-426c-a776-a4db49f28129,https://firebasestorage.googleapis.com/v0/b/wt-foundation-production.appspot.com/o/measurements%2FMeasureMethod.ADM_FIXED_PCT%2FheightPhoto%2F1787455484586?alt=media&token=6e0386cf-7c3b-46c0-9a16-05e7865ad269,,,,9W5RVcM3W6uClZGdZM9e
0,0.043988051,ADM Fixed Percent,2.967083454,2026_08_21 22:36:46,35.08487508,-120.5360606,2.4,0.137,GNNIaIPthVQKUTVjjbAekjaxeHo1,,"iPhone13,3",2.7.0,7.11,W25 inventory,,https://firebasestorage.googleapis.com/v0/b/wt-foundation-production.appspot.com/o/measurements%2FMeasureMethod.ADM_FIXED_PCT%2FdbhPhoto%2F1787455489269?alt=media&token=845f021d-c75f-4eba-8940-4f17c2ef8a8b,https://firebasestorage.googleapis.com/v0/b/wt-foundation-production.appspot.com/o/measurements%2FMeasureMethod.ADM_FIXED_PCT%2FheightPhoto%2F1787455487709?alt=media&token=3f0d97fc-d5d4-4a46-8a25-0356aacb1343,,,,8MoQdYOvZI6BJX2hLZmr
0,0.126884767,ADM Fixed Percent,2.810884476,2026_08_21 22:39:13,35.08490681,-120.5359989,2.3,0.145,GNNIaIPthVQKUTVjjbAekjaxeHo1,,"iPhone13,3",2.7.0,7.12,W25 inventory,,https://firebasestorage.googleapis.com/v0/b/wt-foundation-production.appspot.com/o/measurements%2FMeasureMethod.ADM_FIXED_PCT%2FdbhPhoto%2F1787455491470?alt=media&token=c89b250a-6a32-4dde-b303-9587b103bbc1,https://firebasestorage.googleapis.com/v0/b/wt-foundation-production.appspot.com/o/measurements%2FMeasureMethod.ADM_FIXED_PCT%2FheightPhoto%2F1787455489744?alt=media&token=b401543a-8720-4554-97d7-18d8550dfea7,,,,pptxoNHlGxiACCpC3MjG
0,0.106355723,ADM Fixed Percent,3.223062038,2026_08_21 22:46:17,35.08494067,-120.535896,2.9,0.166,GNNIaIPthVQKUTVjjbAekjaxeHo1,,"iPhone13,3",2.7.0,7.13,W25 inventory,,https://firebasestorage.googleapis.com/v0/b/wt-foundation-production.appspot.com/o/measurements%2FMeasureMethod.ADM_FIXED_PCT%2FdbhPhoto%2F1787455494329?alt=media&token=659fe250-af5c-4077-a6d1-3a60ee4293fe,https://firebasestorage.googleapis.com/v0/b/wt-foundation-production.appspot.com/o/measurements%2FMeasureMethod.ADM_FIXED_PCT%2FheightPhoto%2F1787455492114?alt=media&token=ea64f8f7-0efb-47ee-867f-eda7d8145530,,,,uyWpsfw16YeNYOT1kIFp
0,0.09094633,ADM Fixed Percent,3.369709015,2026_08_21 22:48:30,35.08497549,-120.5359118,3.1,0.188,GNNIaIPthVQKUTVjjbAekjaxeHo1,,"iPhone13,3",2.7.0,7.14,W25 inventory,,https://firebasestorage.googleapis.com/v0/b/wt-foundation-production.appspot.com/o/measurements%2FMeasureMethod.ADM_FIXED_PCT%2FdbhPhoto%2F1787455497907?alt=media&token=9c397307-e4a7-4545-8554-5d9d46558a3a,https://firebasestorage.googleapis.com/v0/b/wt-foundation-production.appspot.com/o/measurements%2FMeasureMethod.ADM_FIXED_PCT%2FheightPhoto%2F1787455496738?alt=media&token=e5f3e3cb-187a-4d9d-b421-a8b7ef03f881,,,,XBI3n4euR6iE7pxaLnCY
0,0.201598431,ADM Fixed Percent,3.338054419,2026_08_21 22:52:59,35.08505497,-120.5361156,2.9,0.205,GNNIaIPthVQKUTVjjbAekjaxeHo1,,"iPhone13,3",2.7.0,7.0 - came back for at end of circle 7,W25 inventory,,https://firebasestorage.googleapis.com/v0/b/wt-foundation-production.appspot.com/o/measurements%2FMeasureMethod.ADM_FIXED_PCT%2FdbhPhoto%2F1787455499317?alt=media&token=702a408d-1afa-4183-9b07-e2d8c7396fe1,https://firebasestorage.googleapis.com/v0/b/wt-foundation-production.appspot.com/o/measurements%2FMeasureMethod.ADM_FIXED_PCT%2FheightPhoto%2F1787455498210?alt=media&token=07280ac6-df67-4f69-9cd8-f70840a1793d,,,,u7TWHdYl3uZ4Ixy3dNIv
0,0.167028196,ADM Fixed Percent,3.400612593,2026_08_21 23:08:01,35.08457581,-120.5366024,2.9,0.175,GNNIaIPthVQKUTVjjbAekjaxeHo1,,"iPhone13,3",2.7.0,8.1,W25 inventory,,https://firebasestorage.googleapis.com/v0/b/wt-foundation-production.appspot.com/o/measurements%2FMeasureMethod.ADM_FIXED_PCT%2FdbhPhoto%2F1787455500924?alt=media&token=c9ae25a4-2c08-484a-9f87-1ae1f23bbc75,https://firebasestorage.googleapis.com/v0/b/wt-foundation-production.appspot.com/o/measurements%2FMeasureMethod.ADM_FIXED_PCT%2FheightPhoto%2F1787455500840?alt=media&token=d40fd0bb-f9ef-4fc3-a5f0-973444941961,,,,HMwyCNAI0LqJWWJXrJO6
0,0.112381219,ADM Fixed Percent,3.119787931,2026_08_21 23:09:59,35.08463442,-120.5365776,2.8,0.175,GNNIaIPthVQKUTVjjbAekjaxeHo1,,"iPhone13,3",2.7.0,8.2,W25 inventory,,https://firebasestorage.googleapis.com/v0/b/wt-foundation-production.appspot.com/o/measurements%2FMeasureMethod.ADM_FIXED_PCT%2FdbhPhoto%2F1787455503837?alt=media&token=f2647304-b1c9-4bf9-a070-9d46e2799c91,https://firebasestorage.googleapis.com/v0/b/wt-foundation-production.appspot.com/o/measurements%2FMeasureMethod.ADM_FIXED_PCT%2FheightPhoto%2F1787455503215?alt=media&token=a86cc8ba-f00d-4cd1-ad12-e14eb69866d1,,,,Ip2rLH1AcaxQtN6Wk3lK
0,0.164850367,ADM Fixed Percent,3.319881678,2026_08_21 23:14:29,35.08465126,-120.5365177,2.7,0.17,GNNIaIPthVQKUTVjjbAekjaxeHo1,,"iPhone13,3",2.7.0,8.3,W25 inventory,,https://firebasestorage.googleapis.com/v0/b/wt-foundation-production.appspot.com/o/measurements%2FMeasureMethod.ADM_FIXED_PCT%2FdbhPhoto%2F1787455507850?alt=media&token=a10a5570-9259-44ef-9446-aaa0d0951828,https://firebasestorage.googleapis.com/v0/b/wt-foundation-production.appspot.com/o/measurements%2FMeasureMethod.ADM_FIXED_PCT%2FheightPhoto%2F1787455506530?alt=media&token=7a09ecd0-24f1-4dd5-b648-702131883540,,,,gH3iWekWzPY80Y7Jkzck
0,0.134469357,ADM Fixed Percent,3.461997747,2026_08_21 23:18:37,35.084661,-120.5364676,2.9,0.215,GNNIaIPthVQKUTVjjbAekjaxeHo1,,"iPhone13,3",2.7.0,8.4 -stem 1,W25 inventory,,https://firebasestorage.googleapis.com/v0/b/wt-foundation-production.appspot.com/o/measurements%2FMeasureMethod.ADM_FIXED_PCT%2FdbhPhoto%2F1787455509968?alt=media&token=79937e55-dfd1-46e4-8365-4db3c65048d1,https://firebasestorage.googleapis.com/v0/b/wt-foundation-production.appspot.com/o/measurements%2FMeasureMethod.ADM_FIXED_PCT%2FheightPhoto%2F1787455508742?alt=media&token=84df4ccf-8f0b-4ecd-8bca-86149534396c,,,,MclcNJeaWUwHDXaSLmRY
0,0.168505106,ADM Fixed Percent,0.937013566,2026_08_21 23:20:08,35.08466744,-120.5364858,,,GNNIaIPthVQKUTVjjbAekjaxeHo1,,"iPhone13,3",2.7.0,8.4-stem 2,W25 inventory,,https://firebasestorage.googleapis.com/v0/b/wt-foundation-production.appspot.com/o/measurements%2FMeasureMethod.ADM_FIXED_PCT%2FdbhPhoto%2F1787455511930?alt=media&token=35473919-0e52-4df7-afef-6150875c5169,https://firebasestorage.googleapis.com/v0/b/wt-foundation-production.appspot.com/o/measurements%2FMeasureMethod.ADM_FIXED_PCT%2FheightPhoto%2F1787455511370?alt=media&token=77f4a813-21b7-45ca-b203-5b1445d78fc0,,,,ayfNmlcv3ra8s6rTsxwN
0,0.120346449,ADM Fixed Percent,3.377501726,2026_08_21 23:22:45,35.084712,-120.5364366,3.2,0.184,GNNIaIPthVQKUTVjjbAekjaxeHo1,,"iPhone13,3",2.7.0,8.5,W25 inventory,,https://firebasestorage.googleapis.com/v0/b/wt-foundation-production.appspot.com/o/measurements%2FMeasureMethod.ADM_FIXED_PCT%2FdbhPhoto%2F1787455514018?alt=media&token=419522cd-20d3-483d-873e-9d755df39d5b,https://firebasestorage.googleapis.com/v0/b/wt-foundation-production.appspot.com/o/measurements%2FMeasureMethod.ADM_FIXED_PCT%2FheightPhoto%2F1787455513568?alt=media&token=7ef657be-120c-41b4-b097-3e2fa74ac205,,,,rlXAfX67leo0ap7aISRo
0,0.167343237,ADM Fixed Percent,2.983549356,2026_08_21 23:25:54,35.08454472,-120.5365415,2.8,0.174,GNNIaIPthVQKUTVjjbAekjaxeHo1,,"iPhone13,3",2.7.0,8.6,W25 inventory,,https://firebasestorage.googleapis.com/v0/b/wt-foundation-production.appspot.com/o/measurements%2FMeasureMethod.ADM_FIXED_PCT%2FdbhPhoto%2F1787455518346?alt=media&token=978e7697-eb09-4222-9805-caf1cf8bbf56,https://firebasestorage.googleapis.com/v0/b/wt-foundation-production.appspot.com/o/measurements%2FMeasureMethod.ADM_FIXED_PCT%2FheightPhoto%2F1787455515714?alt=media&token=d8d7aa36-e3af-4549-bc4c-244e44502012,,,,sCpKCY4qFc6bLru357cN
0,0.16843937,ADM Fixed Percent,3.035429239,2026_08_21 23:28:15,35.0845904,-120.536545,3.1,0.177,GNNIaIPthVQKUTVjjbAekjaxeHo1,,"iPhone13,3",2.7.0,8.7,W25 inventory,,https://firebasestorage.googleapis.com/v0/b/wt-foundation-production.appspot.com/o/measurements%2FMeasureMethod.ADM_FIXED_PCT%2FdbhPhoto%2F1787455519883?alt=media&token=86e42f78-aedf-4bbc-8309-489f735e984e,https://firebasestorage.googleapis.com/v0/b/wt-foundation-production.appspot.com/o/measurements%2FMeasureMethod.ADM_FIXED_PCT%2FheightPhoto%2F1787455519360?alt=media&token=bb550e75-f75c-4e7f-8b19-dd606b913b19,,,,cXISlXcn1hUj94m2d500
0,0.168389704,ADM Fixed Percent,3.239539385,2026_08_21 23:30:34,35.08457811,-120.5364984,3,0.184,GNNIaIPthVQKUTVjjbAekjaxeHo1,,"iPhone13,3",2.7.0,8.8,W25 inventory,,https://firebasestorage.googleapis.com/v0/b/wt-foundation-production.appspot.com/o/measurements%2FMeasureMethod.ADM_FIXED_PCT%2FdbhPhoto%2F1787455523940?alt=media&token=76dc7d99-2278-40ef-a246-ee471fde53d1,https://firebasestorage.googleapis.com/v0/b/wt-foundation-production.appspot.com/o/measurements%2FMeasureMethod.ADM_FIXED_PCT%2FheightPhoto%2F1787455521266?alt=media&token=d2d0886e-7046-4354-880c-fa9fb1165d61,,,,HDyi0a2JPGAWnVQIfN8y
0,0.183079424,ADM Fixed Percent,3.369358778,2026_08_21 23:32:56,35.08461926,-120.5364552,2.8,0.185,GNNIaIPthVQKUTVjjbAekjaxeHo1,,"iPhone13,3",2.7.0,8.9,W25 inventory,,https://firebasestorage.googleapis.com/v0/b/wt-foundation-production.appspot.com/o/measurements%2FMeasureMethod.ADM_FIXED_PCT%2FdbhPhoto%2F1787455527347?alt=media&token=587611da-f6bb-4cfc-8b19-cad61de388c2,https://firebasestorage.googleapis.com/v0/b/wt-foundation-production.appspot.com/o/measurements%2FMeasureMethod.ADM_FIXED_PCT%2FheightPhoto%2F1787455524118?alt=media&token=446e95d4-5c8b-45e7-950c-3632cb218bc4,,,,71zDKdOKKtV3waDsNIFS
0,0.27806708,ADM Fixed Percent,2.403792858,2026_08_21 23:38:23,35.08468569,-120.5364264,2.6,0.166,GNNIaIPthVQKUTVjjbAekjaxeHo1,,"iPhone13,3",2.7.0,8.10 - dry weed like bush,W25 inventory,,https://firebasestorage.googleapis.com/v0/b/wt-foundation-production.appspot.com/o/measurements%2FMeasureMethod.ADM_FIXED_PCT%2FdbhPhoto%2F1787455528129?alt=media&token=e2cfe0c5-eb4d-4311-96eb-3066a03003bb,https://firebasestorage.googleapis.com/v0/b/wt-foundation-production.appspot.com/o/measurements%2FMeasureMethod.ADM_FIXED_PCT%2FheightPhoto%2F1787455527542?alt=media&token=7d4fd847-f82d-4a81-bdd3-286aa5a767ec,,,,MvflGRIu5h1OYupiavAQ
0,0.159108898,ADM Fixed Percent,2.91016221,2026_08_21 23:41:58,35.0845185,-120.5364992,3,0.173,GNNIaIPthVQKUTVjjbAekjaxeHo1,,"iPhone13,3",2.7.0,8.11,W25 inventory,,https://firebasestorage.googleapis.com/v0/b/wt-foundation-production.appspot.com/o/measurements%2FMeasureMethod.ADM_FIXED_PCT%2FdbhPhoto%2F1787455529801?alt=media&token=b7c058cd-981d-4abd-9a78-15397dad0d06,https://firebasestorage.googleapis.com/v0/b/wt-foundation-production.appspot.com/o/measurements%2FMeasureMethod.ADM_FIXED_PCT%2FheightPhoto%2F1787455529451?alt=media&token=2adce361-5ade-4c25-abe4-785bc22ef36f,,,,HDw9IVYvDkHQnWh9riOl
0,0.167346234,ADM Fixed Percent,2.969566107,2026_08_21 23:43:49,35.08452923,-120.5364621,3,0.183,GNNIaIPthVQKUTVjjbAekjaxeHo1,,"iPhone13,3",2.7.0,8.12,W25 inventory,,https://firebasestorage.googleapis.com/v0/b/wt-foundation-production.appspot.com/o/measurements%2FMeasureMethod.ADM_FIXED_PCT%2FdbhPhoto%2F1787455533751?alt=media&token=633c3ee7-2689-437b-a87d-7356634266fa,https://firebasestorage.googleapis.com/v0/b/wt-foundation-production.appspot.com/o/measurements%2FMeasureMethod.ADM_FIXED_PCT%2FheightPhoto%2F1787455532665?alt=media&token=3d213e9f-2aca-42b8-bc4a-074f9bb728b7,,,,IyNoNqfjjLOU9H7FgGYd
0,0.174822005,ADM Fixed Percent,3.046244621,2026_08_21 23:46:13,35.08457909,-120.5364519,2.8,0.185,GNNIaIPthVQKUTVjjbAekjaxeHo1,,"iPhone13,3",2.7.0,8.13,W25 inventory,,https://firebasestorage.googleapis.com/v0/b/wt-foundation-production.appspot.com/o/measurements%2FMeasureMethod.ADM_FIXED_PCT%2FdbhPhoto%2F1787455536081?alt=media&token=93f92579-c57d-4bf8-a7da-419e43cab3fc,https://firebasestorage.googleapis.com/v0/b/wt-foundation-production.appspot.com/o/measurements%2FMeasureMethod.ADM_FIXED_PCT%2FheightPhoto%2F1787455534479?alt=media&token=0be33ee3-0542-43e3-bbab-a9ce5d8caaa6,,,,E8wI5aBnQemlhfdlY8PU
0,0.105577878,ADM Fixed Percent,2.178955317,2026_08_21 23:51:05,35.08459965,-120.5363963,2.5,0.165,GNNIaIPthVQKUTVjjbAekjaxeHo1,,"iPhone13,3",2.7.0,8.14 -stem 1,W25 inventory,,https://firebasestorage.googleapis.com/v0/b/wt-foundation-production.appspot.com/o/measurements%2FMeasureMethod.ADM_FIXED_PCT%2FdbhPhoto%2F1787455541129?alt=media&token=8f63b86b-2da1-4e87-a8b3-4fcc64ff09e9,https://firebasestorage.googleapis.com/v0/b/wt-foundation-production.appspot.com/o/measurements%2FMeasureMethod.ADM_FIXED_PCT%2FheightPhoto%2F1787455536894?alt=media&token=0a668103-3c63-4cc4-a3cf-7f9902b2ce20,,,,yFbiQpuHWZhBPAG5vDU3
0,0.076960071,ADM Fixed Percent,0.870372415,2026_08_21 23:51:46,35.08458599,-120.5363805,,,GNNIaIPthVQKUTVjjbAekjaxeHo1,,"iPhone13,3",2.7.0,8.14-stem 2,W25 inventory,,https://firebasestorage.googleapis.com/v0/b/wt-foundation-production.appspot.com/o/measurements%2FMeasureMethod.ADM_FIXED_PCT%2FdbhPhoto%2F1787455542033?alt=media&token=b2e0c79f-d274-488b-8cd6-6027013855dc,https://firebasestorage.googleapis.com/v0/b/wt-foundation-production.appspot.com/o/measurements%2FMeasureMethod.ADM_FIXED_PCT%2FheightPhoto%2F1787455541417?alt=media&token=35dbaa80-adf3-409a-837b-6d4d448c4791,,,,AZs4eBfGz7CVsQka4V2H
0,0.007684462,ADM Fixed Percent,1.632388949,2026_08_21 23:56:12,35.08461571,-120.5363827,1.4,0.064,GNNIaIPthVQKUTVjjbAekjaxeHo1,,"iPhone13,3",2.7.0,8.15,W25 inventory,,https://firebasestorage.googleapis.com/v0/b/wt-foundation-production.appspot.com/o/measurements%2FMeasureMethod.ADM_FIXED_PCT%2FdbhPhoto%2F1787455544783?alt=media&token=bfe52589-3a33-40e1-b578-9f288f91ef17,https://firebasestorage.googleapis.com/v0/b/wt-foundation-production.appspot.com/o/measurements%2FMeasureMethod.ADM_FIXED_PCT%2FheightPhoto%2F1787455542939?alt=media&token=cedc6ec6-1378-46b4-8bc8-2114a68f11d5,,,,H9r99dQM6fR69h8gJ8oK
0,0.134168616,ADM Fixed Percent,3.244425058,2026_08_21 23:59:37,35.08450191,-120.5364459,2.9,0.159,GNNIaIPthVQKUTVjjbAekjaxeHo1,,"iPhone13,3",2.7.0,8.16,W25 inventory,,https://firebasestorage.googleapis.com/v0/b/wt-foundation-production.appspot.com/o/measurements%2FMeasureMethod.ADM_FIXED_PCT%2FdbhPhoto%2F1787455548766?alt=media&token=4f18b27e-19f7-4758-8a53-6295c456819d,https://firebasestorage.googleapis.com/v0/b/wt-foundation-production.appspot.com/o/measurements%2FMeasureMethod.ADM_FIXED_PCT%2FheightPhoto%2F1787455546442?alt=media&token=a573381e-d297-46c3-ba98-6227ac892dd5,,,,bZg42w9gZeh6TV48fkCc
0,0.15981432,ADM Fixed Percent,3.041858435,2026_08_22 00:01:25,35.08451663,-120.5364009,2.8,0.187,GNNIaIPthVQKUTVjjbAekjaxeHo1,,"iPhone13,3",2.7.0,8.17,W25 inventory,,https://firebasestorage.googleapis.com/v0/b/wt-foundation-production.appspot.com/o/measurements%2FMeasureMethod.ADM_FIXED_PCT%2FdbhPhoto%2F1787455550414?alt=media&token=4f27e04a-d794-4e35-b605-2fe0a57b9f67,https://firebasestorage.googleapis.com/v0/b/wt-foundation-production.appspot.com/o/measurements%2FMeasureMethod.ADM_FIXED_PCT%2FheightPhoto%2F1787455550173?alt=media&token=7b95794f-a8c0-4436-b600-acc4c60a9292,,,,XclPIGATLGTOC3I8bt2T
0,0.17650594,ADM Fixed Percent,3.328309536,2026_09_01 15:43:37,35.08591015,-120.5356938,2.8,0.215,GNNIaIPthVQKUTVjjbAekjaxeHo1,,"iPhone13,3",2.7.0,9.1,W25 inventory,,https://firebasestorage.googleapis.com/v0/b/wt-foundation-production.appspot.com/o/measurements%2FMeasureMethod.ADM_FIXED_PCT%2FdbhPhoto%2F1790923528459?alt=media&token=8cae598d-de79-42f0-a99b-f62ebec98ea1,https://firebasestorage.googleapis.com/v0/b/wt-foundation-production.appspot.com/o/measurements%2FMeasureMethod.ADM_FIXED_PCT%2FheightPhoto%2F1790923528459?alt=media&token=010d6bb0-ec67-4c03-91b6-bd020507fb41,,,,Q8Oph3bJCcljYq5vNuTH
0,0.113030646,ADM Fixed Percent,3.281588316,2026_09_01 16:01:52,35.08595796,-120.5355744,2.8,0.158,GNNIaIPthVQKUTVjjbAekjaxeHo1,,"iPhone13,3",2.7.0,9.3,W25 inventory,,https://firebasestorage.googleapis.com/v0/b/wt-foundation-production.appspot.com/o/measurements%2FMeasureMethod.ADM_FIXED_PCT%2FdbhPhoto%2F1790923531404?alt=media&token=f72f21b3-cacd-4460-8e59-1d3d4eddcebb,https://firebasestorage.googleapis.com/v0/b/wt-foundation-production.appspot.com/o/measurements%2FMeasureMethod.ADM_FIXED_PCT%2FheightPhoto%2F1790923528459?alt=media&token=010d6bb0-ec67-4c03-91b6-bd020507fb41,,,,ruhX3TLE1sWVT0MhH6x0
0,0.161274538,ADM Fixed Percent,3.149703979,2026_09_01 16:04:34,35.08599375,-120.5355405,2.9,0.166,GNNIaIPthVQKUTVjjbAekjaxeHo1,,"iPhone13,3",2.7.0,9.4,W25 inventory,,https://firebasestorage.googleapis.com/v0/b/wt-foundation-production.appspot.com/o/measurements%2FMeasureMethod.ADM_FIXED_PCT%2FdbhPhoto%2F1790923535377?alt=media&token=7c81272b-6b80-4504-b2bf-c6295ebb2cd5,https://firebasestorage.googleapis.com/v0/b/wt-foundation-production.appspot.com/o/measurements%2FMeasureMethod.ADM_FIXED_PCT%2FheightPhoto%2F1790923534468?alt=media&token=17d345ce-4797-49e1-a07a-05c82bdcea0a,,,,dIbVoc6XBuZBeXRSBpc4
0,0.177620239,ADM Fixed Percent,3.516940355,2026_09_01 16:09:39,35.08582234,-120.5356849,2.8,0.177,GNNIaIPthVQKUTVjjbAekjaxeHo1,,"iPhone13,3",2.7.0,9.5,W25 inventory,,https://firebasestorage.googleapis.com/v0/b/wt-foundation-production.appspot.com/o/measurements%2FMeasureMethod.ADM_FIXED_PCT%2FdbhPhoto%2F1790923537240?alt=media&token=683c0e33-1a9c-4293-9172-d9d14bc173aa,https://firebasestorage.googleapis.com/v0/b/wt-foundation-production.appspot.com/o/measurements%2FMeasureMethod.ADM_FIXED_PCT%2FheightPhoto%2F1790923536198?alt=media&token=f1e5a59e-aab7-450b-be8e-543ec8625e11,,,,WozaHL7O0dgR5esH4C3J
0,0.151151801,ADM Fixed Percent,3.921278715,2026_09_01 16:11:16,35.08586372,-120.5355953,3.2,0.184,GNNIaIPthVQKUTVjjbAekjaxeHo1,,"iPhone13,3",2.7.0,9.6,W25 inventory,,https://firebasestorage.googleapis.com/v0/b/wt-foundation-production.appspot.com/o/measurements%2FMeasureMethod.ADM_FIXED_PCT%2FdbhPhoto%2F1790923539615?alt=media&token=09c5cbb2-bf74-4dc9-96e7-87411f716375,https://firebasestorage.googleapis.com/v0/b/wt-foundation-production.appspot.com/o/measurements%2FMeasureMethod.ADM_FIXED_PCT%2FheightPhoto%2F1790923538789?alt=media&token=bb308dfb-ddf4-4c1d-8441-8b28a42154ce,,,,qqNZN5uUDfYlhjoQdvTM
0,0.154616024,ADM Fixed Percent,3.329716206,2026_09_01 16:14:00,35.08589904,-120.5355781,3,0.208,GNNIaIPthVQKUTVjjbAekjaxeHo1,,"iPhone13,3",2.7.0,9.7,W25 inventory,,https://firebasestorage.googleapis.com/v0/b/wt-foundation-production.appspot.com/o/measurements%2FMeasureMethod.ADM_FIXED_PCT%2FdbhPhoto%2F1790923542066?alt=media&token=a2846251-910a-4c25-bf50-92ba49a3cfdc,https://firebasestorage.googleapis.com/v0/b/wt-foundation-production.appspot.com/o/measurements%2FMeasureMethod.ADM_FIXED_PCT%2FheightPhoto%2F1790923540888?alt=media&token=715020c2-2205-4606-81ad-19fd0845f696,,,,0LSpYcosQXC7a7bByOxK
0,0.103411525,ADM Fixed Percent,3.073984623,2026_09_01 16:21:49,35.08591752,-120.5355348,2.7,0.163,GNNIaIPthVQKUTVjjbAekjaxeHo1,,"iPhone13,3",2.7.0,9.8 - stem 1,W25 inventory,,https://firebasestorage.googleapis.com/v0/b/wt-foundation-production.appspot.com/o/measurements%2FMeasureMethod.ADM_FIXED_PCT%2FdbhPhoto%2F1790923544487?alt=media&token=2d8ec604-a375-4e5e-bd9c-9444a027c746,https://firebasestorage.googleapis.com/v0/b/wt-foundation-production.appspot.com/o/measurements%2FMeasureMethod.ADM_FIXED_PCT%2FheightPhoto%2F1790923543014?alt=media&token=c0d973b2-5c4f-4138-9eed-21712d6102fd,,,,Jp3gZ5S8lkarUqKOzhRI
0,0.090334903,ADM Fixed Percent,1.233860731,2026_09_01 16:23:25,35.08590822,-120.5355396,,,GNNIaIPthVQKUTVjjbAekjaxeHo1,,"iPhone13,3",2.7.0,9.8- stem 2,W25 inventory,,https://firebasestorage.googleapis.com/v0/b/wt-foundation-production.appspot.com/o/measurements%2FMeasureMethod.ADM_FIXED_PCT%2FdbhPhoto%2F1790923546616?alt=media&token=6f062dd8-183d-4078-a45d-0abd6d2cd22e,https://firebasestorage.googleapis.com/v0/b/wt-foundation-production.appspot.com/o/measurements%2FMeasureMethod.ADM_FIXED_PCT%2FheightPhoto%2F1790923545281?alt=media&token=c5361ce2-9c30-432f-927e-c4ebf74926e9,,,,hhFAIYOWX0yAw8TpnevY
0,0.136653895,ADM Fixed Percent,3.507552624,2026_09_01 16:27:19,35.08595145,-120.5355059,2.9,0.173,GNNIaIPthVQKUTVjjbAekjaxeHo1,,"iPhone13,3",2.7.0,9.9,W25 inventory,,https://firebasestorage.googleapis.com/v0/b/wt-foundation-production.appspot.com/o/measurements%2FMeasureMethod.ADM_FIXED_PCT%2FdbhPhoto%2F1790923548399?alt=media&token=0b96463e-87f0-4f6d-8b47-683656af0c21,https://firebasestorage.googleapis.com/v0/b/wt-foundation-production.appspot.com/o/measurements%2FMeasureMethod.ADM_FIXED_PCT%2FheightPhoto%2F1790923547483?alt=media&token=221bd43d-765a-4448-bc18-6091961f7861,,,,Gk0wG4xcG6xNbnPH0NAK
0,0.13396453,ADM Fixed Percent,3.826189756,2026_09_01 16:30:29,35.08576023,-120.5356059,3.2,0.178,GNNIaIPthVQKUTVjjbAekjaxeHo1,,"iPhone13,3",2.7.0,9.10 _,W25 inventory,,https://firebasestorage.googleapis.com/v0/b/wt-foundation-production.appspot.com/o/measurements%2FMeasureMethod.ADM_FIXED_PCT%2FdbhPhoto%2F1790923551206?alt=media&token=fb8a0db2-b49e-4055-9a8d-ff957ce188e1,https://firebasestorage.googleapis.com/v0/b/wt-foundation-production.appspot.com/o/measurements%2FMeasureMethod.ADM_FIXED_PCT%2FheightPhoto%2F1790923551000?alt=media&token=8843a9fd-f286-40c5-87ae-bddb9fa560c3,,,,n26H7foYu12JmYBUBnED
0,0.122927606,ADM Fixed Percent,3.570669413,2026_09_01 16:33:01,35.08579948,-120.5355559,3.4,0.172,GNNIaIPthVQKUTVjjbAekjaxeHo1,,"iPhone13,3",2.7.0,9.11,W25 inventory,,https://firebasestorage.googleapis.com/v0/b/wt-foundation-production.appspot.com/o/measurements%2FMeasureMethod.ADM_FIXED_PCT%2FdbhPhoto%2F1790923553888?alt=media&token=022a555f-4d67-4d86-b58d-21b7f411a5ca,https://firebasestorage.googleapis.com/v0/b/wt-foundation-production.appspot.com/o/measurements%2FMeasureMethod.ADM_FIXED_PCT%2FheightPhoto%2F1790923552766?alt=media&token=574a3670-0eb6-4d34-a6a5-25398a19524a,,,,IDidrM86RV0YIzU3d5Hj
0,0.179637595,ADM Fixed Percent,2.550144911,2026_09_01 16:37:47,35.08581383,-120.5355178,3,0.181,GNNIaIPthVQKUTVjjbAekjaxeHo1,,"iPhone13,3",2.7.0,9.12,W25 inventory,,https://firebasestorage.googleapis.com/v0/b/wt-foundation-production.appspot.com/o/measurements%2FMeasureMethod.ADM_FIXED_PCT%2FdbhPhoto%2F1790923555720?alt=media&token=9a8ddc7f-fbbe-41e4-ba68-a4c71ee41e3f,https://firebasestorage.googleapis.com/v0/b/wt-foundation-production.appspot.com/o/measurements%2FMeasureMethod.ADM_FIXED_PCT%2FheightPhoto%2F1790923555511?alt=media&token=90bf7e74-5fd6-4717-805f-b02d220d7b67,,,,D7Ncrh94tPbmePXUCAYP
0,0.180281079,ADM Fixed Percent,3.688309431,2026_09_01 16:41:23,35.0858658,-120.5354713,3.4,0.169,GNNIaIPthVQKUTVjjbAekjaxeHo1,,"iPhone13,3",2.7.0,9.13,W25 inventory,,https://firebasestorage.googleapis.com/v0/b/wt-foundation-production.appspot.com/o/measurements%2FMeasureMethod.ADM_FIXED_PCT%2FdbhPhoto%2F1790923558324?alt=media&token=4fc13701-6c2e-4234-b3c7-3a373d3f4151,https://firebasestorage.googleapis.com/v0/b/wt-foundation-production.appspot.com/o/measurements%2FMeasureMethod.ADM_FIXED_PCT%2FheightPhoto%2F1790923557725?alt=media&token=b793e958-3cd9-45f6-8318-0e1295d0093d,,,,CMmjrQ5sXS2pMVEMwQnd
0,0.205917997,ADM Fixed Percent,3.785698414,2026_09_01 16:43:52,35.08589172,-120.5354227,3.4,0.194,GNNIaIPthVQKUTVjjbAekjaxeHo1,,"iPhone13,3",2.7.0,9.14,W25 inventory,,https://firebasestorage.googleapis.com/v0/b/wt-foundation-production.appspot.com/o/measurements%2FMeasureMethod.ADM_FIXED_PCT%2FdbhPhoto%2F1790923560503?alt=media&token=ca8c0466-1b62-4a29-9298-122722e2a28a,https://firebasestorage.googleapis.com/v0/b/wt-foundation-production.appspot.com/o/measurements%2FMeasureMethod.ADM_FIXED_PCT%2FheightPhoto%2F1790923559691?alt=media&token=5bf246b3-2132-42aa-8e88-8652756bae64,,,,gGMCAhu0vBCE7flKKTJu
0,0.044311191,ADM Fixed Percent,3.754369974,2026_09_01 16:49:28,35.08577121,-120.5355314,3.3,0.232,GNNIaIPthVQKUTVjjbAekjaxeHo1,,"iPhone13,3",2.7.0,9.15,W25 inventory,,https://firebasestorage.googleapis.com/v0/b/wt-foundation-production.appspot.com/o/measurements%2FMeasureMethod.ADM_FIXED_PCT%2FdbhPhoto%2F1790923563708?alt=media&token=03b9b5a7-67db-4ab2-a0be-d7fa1384cb9b,https://firebasestorage.googleapis.com/v0/b/wt-foundation-production.appspot.com/o/measurements%2FMeasureMethod.ADM_FIXED_PCT%2FheightPhoto%2F1790923562823?alt=media&token=b8d66a29-27bf-4f60-a132-a0bfd028cae4,,,,VTgp2LqbP5D47LaTzL92
0,0.201646665,ADM Fixed Percent,3.489010811,2026_09_01 16:52:10,35.08578356,-120.5354563,2.7,0.185,GNNIaIPthVQKUTVjjbAekjaxeHo1,,"iPhone13,3",2.7.0,9.16,W25 inventory,,https://firebasestorage.googleapis.com/v0/b/wt-foundation-production.appspot.com/o/measurements%2FMeasureMethod.ADM_FIXED_PCT%2FdbhPhoto%2F1790923565997?alt=media&token=99ff37ca-a501-45d3-b741-12438735cd78,https://firebasestorage.googleapis.com/v0/b/wt-foundation-production.appspot.com/o/measurements%2FMeasureMethod.ADM_FIXED_PCT%2FheightPhoto%2F1790923564975?alt=media&token=b3f79420-9383-4ead-b54f-4be0aca755ba,,,,VO0cT4BUWyvbpSFTdG6i
0,0.174670431,ADM Fixed Percent,3.348422527,2026_09_01 16:55:36,35.08582939,-120.5354137,2.8,0.178,GNNIaIPthVQKUTVjjbAekjaxeHo1,,"iPhone13,3",2.7.0,9.17,W25 inventory,,https://firebasestorage.googleapis.com/v0/b/wt-foundation-production.appspot.com/o/measurements%2FMeasureMethod.ADM_FIXED_PCT%2FdbhPhoto%2F1790923568251?alt=media&token=3b2401ca-ebfd-4293-b268-d1fa70d9a4a0,https://firebasestorage.googleapis.com/v0/b/wt-foundation-production.appspot.com/o/measurements%2FMeasureMethod.ADM_FIXED_PCT%2FheightPhoto%2F1790923567362?alt=media&token=0c015a34-f4a7-444c-a374-aa15cd68b5be,,,,u31mowrdpu1Tw0pwzPRA
0,0.149156154,ADM Fixed Percent,3.271761656,2026_09_01 16:59:35,35.08598317,-120.5356846,2.9,0.17,GNNIaIPthVQKUTVjjbAekjaxeHo1,,"iPhone13,3",2.7.0,9.2,W25 inventory,,https://firebasestorage.googleapis.com/v0/b/wt-foundation-production.appspot.com/o/measurements%2FMeasureMethod.ADM_FIXED_PCT%2FdbhPhoto%2F1790923570623?alt=media&token=5264362a-468d-4903-b842-764a7634ecb3,https://firebasestorage.googleapis.com/v0/b/wt-foundation-production.appspot.com/o/measurements%2FMeasureMethod.ADM_FIXED_PCT%2FheightPhoto%2F1790923569393?alt=media&token=bd75ec23-f306-4f5b-908c-a4d4fe216c64,,,,kQYGODhhEWB45UNH2rTC
0,0.167465973,ADM Fixed Percent,3.780025959,2026_09_01 17:07:35,35.08620613,-120.5351452,3.3,0.187,GNNIaIPthVQKUTVjjbAekjaxeHo1,,"iPhone13,3",2.7.0,10.1,W25 inventory,,https://firebasestorage.googleapis.com/v0/b/wt-foundation-production.appspot.com/o/measurements%2FMeasureMethod.ADM_FIXED_PCT%2FdbhPhoto%2F1790923572930?alt=media&token=2564f290-724f-4e7a-8605-5157a3b40285,https://firebasestorage.googleapis.com/v0/b/wt-foundation-production.appspot.com/o/measurements%2FMeasureMethod.ADM_FIXED_PCT%2FheightPhoto%2F1790923571853?alt=media&token=77e0f45e-f501-4731-bc46-f2a744268df1,,,,7y0BNLAi8eGtuSTM7hiv
0,0.198719398,ADM Fixed Percent,4.082886219,2026_09_01 17:10:03,35.08628379,-120.5352045,3.4,0.186,GNNIaIPthVQKUTVjjbAekjaxeHo1,,"iPhone13,3",2.7.0,10.2,W25 inventory,,https://firebasestorage.googleapis.com/v0/b/wt-foundation-production.appspot.com/o/measurements%2FMeasureMethod.ADM_FIXED_PCT%2FdbhPhoto%2F1790923575737?alt=media&token=39622652-71eb-46a4-95a5-15a224879f22,https://firebasestorage.googleapis.com/v0/b/wt-foundation-production.appspot.com/o/measurements%2FMeasureMethod.ADM_FIXED_PCT%2FheightPhoto%2F1790923574443?alt=media&token=ac5c4450-d9b9-47f6-92b6-892a6000a453,,,,yZxsiZu3u0soATRtMz2h
0,0.187626027,ADM Fixed Percent,4.251608372,2026_09_01 17:12:54,35.08631927,-120.5351264,3.5,0.19,GNNIaIPthVQKUTVjjbAekjaxeHo1,,"iPhone13,3",2.7.0,10.3,W25 inventory,,https://firebasestorage.googleapis.com/v0/b/wt-foundation-production.appspot.com/o/measurements%2FMeasureMethod.ADM_FIXED_PCT%2FdbhPhoto%2F1790923577035?alt=media&token=e7ba0e92-88ab-4c4c-851a-80af2712d231,https://firebasestorage.googleapis.com/v0/b/wt-foundation-production.appspot.com/o/measurements%2FMeasureMethod.ADM_FIXED_PCT%2FheightPhoto%2F1790923575919?alt=media&token=dee884a0-918d-4d27-8365-ec71f0ced82f,,,,nMO71WAFCSCtxI8LJRii
0,0.117683105,ADM Fixed Percent,3.356388569,2026_09_01 17:16:57,35.08617426,-120.5352125,2.7,0.193,GNNIaIPthVQKUTVjjbAekjaxeHo1,,"iPhone13,3",2.7.0,10.4,W25 inventory,,https://firebasestorage.googleapis.com/v0/b/wt-foundation-production.appspot.com/o/measurements%2FMeasureMethod.ADM_FIXED_PCT%2FdbhPhoto%2F1790923578570?alt=media&token=a67aa44f-3242-404c-9cd0-b30fa1a19df8,https://firebasestorage.googleapis.com/v0/b/wt-foundation-production.appspot.com/o/measurements%2FMeasureMethod.ADM_FIXED_PCT%2FheightPhoto%2F1790923578283?alt=media&token=25992e93-46d7-4e36-b82f-b69e3caafe02,,,,iT8CKrm3HYbrJZlhfzaT
0,0.123133498,ADM Fixed Percent,3.640659332,2026_09_01 17:19:28,35.08619024,-120.5351698,3.3,0.184,GNNIaIPthVQKUTVjjbAekjaxeHo1,,"iPhone13,3",2.7.0,10.5,W25 inventory,,https://firebasestorage.googleapis.com/v0/b/wt-foundation-production.appspot.com/o/measurements%2FMeasureMethod.ADM_FIXED_PCT%2FdbhPhoto%2F1790923581477?alt=media&token=046a3f1d-400f-423d-bb17-f6604089c861,https://firebasestorage.googleapis.com/v0/b/wt-foundation-production.appspot.com/o/measurements%2FMeasureMethod.ADM_FIXED_PCT%2FheightPhoto%2F1790923581116?alt=media&token=4fb2d5a4-4cc3-4a0a-a9b5-139d610d870f,,,,zxAza0R4Y0l19pnMN7LV
0,0.159377504,ADM Fixed Percent,3.495167017,2026_09_01 17:22:44,35.08623712,-120.5351343,2.7,0.166,GNNIaIPthVQKUTVjjbAekjaxeHo1,,"iPhone13,3",2.7.0,10.6,W25 inventory,,https://firebasestorage.googleapis.com/v0/b/wt-foundation-production.appspot.com/o/measurements%2FMeasureMethod.ADM_FIXED_PCT%2FdbhPhoto%2F1790923584017?alt=media&token=6e2e3079-5227-4c1d-bea9-8be68cb12310,https://firebasestorage.googleapis.com/v0/b/wt-foundation-production.appspot.com/o/measurements%2FMeasureMethod.ADM_FIXED_PCT%2FheightPhoto%2F1790923582761?alt=media&token=acc1e40c-a77a-4a87-88c9-838397652016,,,,CatO14wVLrY0jSlB1Xn7
0,0.176670259,ADM Fixed Percent,3.986275196,2026_09_01 17:25:21,35.08625789,-120.5350923,3.4,0.187,GNNIaIPthVQKUTVjjbAekjaxeHo1,,"iPhone13,3",2.7.0,10.7,W25 inventory,,https://firebasestorage.googleapis.com/v0/b/wt-foundation-production.appspot.com/o/measurements%2FMeasureMethod.ADM_FIXED_PCT%2FdbhPhoto%2F1790923587153?alt=media&token=af12fb3d-5349-47ff-97da-3f7bb5956a3a,https://firebasestorage.googleapis.com/v0/b/wt-foundation-production.appspot.com/o/measurements%2FMeasureMethod.ADM_FIXED_PCT%2FheightPhoto%2F1790923585321?alt=media&token=fb3d7486-a472-43be-bead-25e29bfcfc26,,,,hjS7ZHuT4PRSg49Fx2Bl
0,0.174726719,ADM Fixed Percent,3.613941431,2026_09_01 17:28:06,35.0862987,-120.5350543,3.7,0.21,GNNIaIPthVQKUTVjjbAekjaxeHo1,,"iPhone13,3",2.7.0,10.8,W25 inventory,,https://firebasestorage.googleapis.com/v0/b/wt-foundation-production.appspot.com/o/measurements%2FMeasureMethod.ADM_FIXED_PCT%2FdbhPhoto%2F1790923589123?alt=media&token=3c201bb2-6eff-4770-a7cc-6f6fddfe6991,https://firebasestorage.googleapis.com/v0/b/wt-foundation-production.appspot.com/o/measurements%2FMeasureMethod.ADM_FIXED_PCT%2FheightPhoto%2F1790923587799?alt=media&token=2bd681f6-499e-4a4b-98d4-2f9d5ff3778b,,,,5Dkr3OScitB5R9NTUpt5
0,0.170655919,ADM Fixed Percent,3.023252487,2026_09_01 17:31:44,35.08610876,-120.535139,2.5,0.174,GNNIaIPthVQKUTVjjbAekjaxeHo1,,"iPhone13,3",2.7.0,10.9,W25 inventory,,https://firebasestorage.googleapis.com/v0/b/wt-foundation-production.appspot.com/o/measurements%2FMeasureMethod.ADM_FIXED_PCT%2FdbhPhoto%2F1790923590564?alt=media&token=cb4bc694-3494-42c1-aeed-353fb0fa8ebb,https://firebasestorage.googleapis.com/v0/b/wt-foundation-production.appspot.com/o/measurements%2FMeasureMethod.ADM_FIXED_PCT%2FheightPhoto%2F1790923589607?alt=media&token=b9d24ca2-488e-4a6a-8705-e02b32a35796,,,,9mDfxQcf2UNFaCSxNXEv
0,0.196882712,ADM Fixed Percent,3.602328777,2026_09_01 17:35:16,35.08617815,-120.5351195,3,0.211,GNNIaIPthVQKUTVjjbAekjaxeHo1,,"iPhone13,3",2.7.0,10.10 _,W25 inventory,,https://firebasestorage.googleapis.com/v0/b/wt-foundation-production.appspot.com/o/measurements%2FMeasureMethod.ADM_FIXED_PCT%2FdbhPhoto%2F1790923592779?alt=media&token=dfdeffbf-d30a-4724-928a-30fd0dfe436d,https://firebasestorage.googleapis.com/v0/b/wt-foundation-production.appspot.com/o/measurements%2FMeasureMethod.ADM_FIXED_PCT%2FheightPhoto%2F1790923591682?alt=media&token=e576a5af-7aab-4f49-b0a4-70b7fc1b32d9,,,,pLvI2HBHrtgkssVyB7j2
0,0.202938666,ADM Fixed Percent,3.655314684,2026_09_01 17:39:48,35.08620898,-120.5350844,2.9,0.193,GNNIaIPthVQKUTVjjbAekjaxeHo1,,"iPhone13,3",2.7.0,10.11,W25 inventory,,https://firebasestorage.googleapis.com/v0/b/wt-foundation-production.appspot.com/o/measurements%2FMeasureMethod.ADM_FIXED_PCT%2FdbhPhoto%2F1790923595406?alt=media&token=6f919e9c-b7ae-40cb-a19f-9169f97dd003,https://firebasestorage.googleapis.com/v0/b/wt-foundation-production.appspot.com/o/measurements%2FMeasureMethod.ADM_FIXED_PCT%2FheightPhoto%2F1790923593812?alt=media&token=cf0bbe2a-d88f-47e9-89c1-196042b318df,,,,lVmBEfm4XA2u07I7KIlH
0,0.122860541,ADM Fixed Percent,3.694972515,2026_09_01 17:42:28,35.08622074,-120.5350219,2.7,0.169,GNNIaIPthVQKUTVjjbAekjaxeHo1,,"iPhone13,3",2.7.0,10.12,W25 inventory,,https://firebasestorage.googleapis.com/v0/b/wt-foundation-production.appspot.com/o/measurements%2FMeasureMethod.ADM_FIXED_PCT%2FdbhPhoto%2F1790923597420?alt=media&token=ce5c756f-9ad9-4b9e-a022-5136e7aee382,https://firebasestorage.googleapis.com/v0/b/wt-foundation-production.appspot.com/o/measurements%2FMeasureMethod.ADM_FIXED_PCT%2FheightPhoto%2F1790923596192?alt=media&token=03f15756-5c6c-4567-9544-472bcc8e2546,,,,5vKA1cJJlS3i6k7bIABU
0,0.169454472,ADM Fixed Percent,4.197201729,2026_09_01 17:44:35,35.08626326,-120.5349985,3.3,0.175,GNNIaIPthVQKUTVjjbAekjaxeHo1,,"iPhone13,3",2.7.0,10.13,W25 inventory,,https://firebasestorage.googleapis.com/v0/b/wt-foundation-production.appspot.com/o/measurements%2FMeasureMethod.ADM_FIXED_PCT%2FdbhPhoto%2F1790923599113?alt=media&token=ed2ec015-3591-4175-8587-3b9034c86e81,https://firebasestorage.googleapis.com/v0/b/wt-foundation-production.appspot.com/o/measurements%2FMeasureMethod.ADM_FIXED_PCT%2FheightPhoto%2F1790923598239?alt=media&token=6862722b-2c36-4315-86d8-5abaae47cc1c,,,,3Qrz0jawdNYEMcb95mFK
0,0.177766592,ADM Fixed Percent,3.668993711,2026_09_01 17:48:23,35.08612981,-120.5350984,3.5,0.207,GNNIaIPthVQKUTVjjbAekjaxeHo1,,"iPhone13,3",2.7.0,10.14,W25 inventory,,https://firebasestorage.googleapis.com/v0/b/wt-foundation-production.appspot.com/o/measurements%2FMeasureMethod.ADM_FIXED_PCT%2FdbhPhoto%2F1790923602395?alt=media&token=74025e1c-e43b-4ec9-bc3d-817151ea7af4,https://firebasestorage.googleapis.com/v0/b/wt-foundation-production.appspot.com/o/measurements%2FMeasureMethod.ADM_FIXED_PCT%2FheightPhoto%2F1790923601407?alt=media&token=e93df463-4e11-4d40-b7d7-216f9bd6fa87,,,,S7S5pQDQR79Ipcipn1L0
0,0.163426188,ADM Fixed Percent,3.847234726,2026_09_01 17:52:04,35.08617419,-120.5350394,3,0.165,GNNIaIPthVQKUTVjjbAekjaxeHo1,,"iPhone13,3",2.7.0,10.15,W25 inventory,,https://firebasestorage.googleapis.com/v0/b/wt-foundation-production.appspot.com/o/measurements%2FMeasureMethod.ADM_FIXED_PCT%2FdbhPhoto%2F1790923604039?alt=media&token=1076fd1d-a0e0-4c9e-8119-4d1e22fd3b57,https://firebasestorage.googleapis.com/v0/b/wt-foundation-production.appspot.com/o/measurements%2FMeasureMethod.ADM_FIXED_PCT%2FheightPhoto%2F1790923603531?alt=media&token=c2666c8e-b8d2-483c-8483-aca90c4d61f7,,,,boWPl2KHKuq2nS0diNsq
0,0.196730922,ADM Fixed Percent,3.641021013,2026_10_04 16:16:53,35.08529009,-120.5352402,2.8,0.168,GNNIaIPthVQKUTVjjbAekjaxeHo1,,"iPhone13,3",2.7.0,3.a,W25 inventory,,https://firebasestorage.googleapis.com/v0/b/wt-foundation-production.appspot.com/o/measurements%2FMeasureMethod.ADM_FIXED_PCT%2FdbhPhoto%2F1791217524347?alt=media&token=55971031-7ccf-4cba-baa2-705245555ec9,https://firebasestorage.googleapis.com/v0/b/wt-foundation-production.appspot.com/o/measurements%2FMeasureMethod.ADM_FIXED_PCT%2FheightPhoto%2F1791217524343?alt=media&token=c9fd518a-eb51-46a5-bb6d-c75e5a3f4c1e,,,,X3sdlZJKEvUc5bs769A3
0,0.164046882,ADM Fixed Percent,3.395675182,2026_10_04 16:21:33,35.0853117,-120.5351622,2.8,0.183,GNNIaIPthVQKUTVjjbAekjaxeHo1,,"iPhone13,3",2.7.0,3.b,W25 inventory,,https://firebasestorage.googleapis.com/v0/b/wt-foundation-production.appspot.com/o/measurements%2FMeasureMethod.ADM_FIXED_PCT%2FdbhPhoto%2F1791217553162?alt=media&token=48ff9542-122e-4a32-b66b-27f07bb06077,https://firebasestorage.googleapis.com/v0/b/wt-foundation-production.appspot.com/o/measurements%2FMeasureMethod.ADM_FIXED_PCT%2FheightPhoto%2F1791217553162?alt=media&token=9d45aa6f-271e-4d6e-adf7-a9422637b5a7,,,,ZxM7xLEjVL80rKkDsCbr
0,0.164655346,ADM Fixed Percent,3.599629879,2026_10_04 16:25:08,35.08527888,-120.5350796,2.9,0.188,GNNIaIPthVQKUTVjjbAekjaxeHo1,,"iPhone13,3",2.7.0,3.c,W25 inventory,,https://firebasestorage.googleapis.com/v0/b/wt-foundation-production.appspot.com/o/measurements%2FMeasureMethod.ADM_FIXED_PCT%2FdbhPhoto%2F1791217553168?alt=media&token=dc3d0edb-436d-41c1-83e0-3b14ebcd9976,https://firebasestorage.googleapis.com/v0/b/wt-foundation-production.appspot.com/o/measurements%2FMeasureMethod.ADM_FIXED_PCT%2FheightPhoto%2F1791217553168?alt=media&token=3ec3f54e-28f7-4b88-94c5-015142060161,,,,ACS9jQm52qqXQ0J5XGrM
0,0.15388996,ADM Fixed Percent,3.703799486,2026_10_04 16:28:40,35.08553335,-120.5348926,2.6,0.249,GNNIaIPthVQKUTVjjbAekjaxeHo1,,"iPhone13,3",2.7.0,4.a,W25 inventory,,https://firebasestorage.googleapis.com/v0/b/wt-foundation-production.appspot.com/o/measurements%2FMeasureMethod.ADM_FIXED_PCT%2FdbhPhoto%2F1791217558150?alt=media&token=70b0c394-d5ee-460d-82dd-a932bf2289b6,https://firebasestorage.googleapis.com/v0/b/wt-foundation-production.appspot.com/o/measurements%2FMeasureMethod.ADM_FIXED_PCT%2FheightPhoto%2F1791217556868?alt=media&token=413d6518-4464-450a-9e00-1593ca2380d2,,,,eIsHTVKFU5eqANKNfezE
0,0.133800202,ADM Fixed Percent,3.361990452,2026_10_04 16:33:15,35.08563929,-120.5347811,2.7,0.178,GNNIaIPthVQKUTVjjbAekjaxeHo1,,"iPhone13,3",2.7.0,4.b,W25 inventory,,https://firebasestorage.googleapis.com/v0/b/wt-foundation-production.appspot.com/o/measurements%2FMeasureMethod.ADM_FIXED_PCT%2FdbhPhoto%2F1791217561046?alt=media&token=3c129b2f-2616-405a-9414-675702a03260,https://firebasestorage.googleapis.com/v0/b/wt-foundation-production.appspot.com/o/measurements%2FMeasureMethod.ADM_FIXED_PCT%2FheightPhoto%2F1791217559362?alt=media&token=3ef92805-cb0c-4c32-be56-4feb86ac4fb4,,,,VYyngkDmFjxk0BjTesec
0,0.139894987,ADM Fixed Percent,3.148253679,2026_10_04 16:36:21,35.08563634,-120.5346734,2.8,0.15,GNNIaIPthVQKUTVjjbAekjaxeHo1,,"iPhone13,3",2.7.0,4.c,W25 inventory,,https://firebasestorage.googleapis.com/v0/b/wt-foundation-production.appspot.com/o/measurements%2FMeasureMethod.ADM_FIXED_PCT%2FdbhPhoto%2F1791217563814?alt=media&token=e881d6f0-b9c2-414a-8e9a-b8a86c76f9cf,https://firebasestorage.googleapis.com/v0/b/wt-foundation-production.appspot.com/o/measurements%2FMeasureMethod.ADM_FIXED_PCT%2FheightPhoto%2F1791217562507?alt=media&token=d2cbab23-6ed0-4c0b-b973-23a78939c978,,,,Fxq1jgQ5YDOw3A3kvw08
0,0.165608954,ADM Fixed Percent,3.598069429,2026_10_04 16:39:17,35.08561934,-120.5346316,2.9,0.2,GNNIaIPthVQKUTVjjbAekjaxeHo1,,"iPhone13,3",2.7.0,4.d,W25 inventory,,https://firebasestorage.googleapis.com/v0/b/wt-foundation-production.appspot.com/o/measurements%2FMeasureMethod.ADM_FIXED_PCT%2FdbhPhoto%2F1791217565155?alt=media&token=25afd4d7-3590-4c9e-b39e-44d6582b68ac,https://firebasestorage.googleapis.com/v0/b/wt-foundation-production.appspot.com/o/measurements%2FMeasureMethod.ADM_FIXED_PCT%2FheightPhoto%2F1791217564040?alt=media&token=11b06153-8f14-4694-82aa-56063db22b9f,,,,kjdTASyJLMfUD2I1vhjl
0,0.144094682,ADM Fixed Percent,3.525284529,2026_10_04 16:45:08,35.08577738,-120.5351079,3.1,0.166,GNNIaIPthVQKUTVjjbAekjaxeHo1,,"iPhone13,3",2.7.0,5.a,W25 inventory,,https://firebasestorage.googleapis.com/v0/b/wt-foundation-production.appspot.com/o/measurements%2FMeasureMethod.ADM_FIXED_PCT%2FdbhPhoto%2F1791217567033?alt=media&token=4a59771c-100b-4490-a3b3-8e753a5c2c85,https://firebasestorage.googleapis.com/v0/b/wt-foundation-production.appspot.com/o/measurements%2FMeasureMethod.ADM_FIXED_PCT%2FheightPhoto%2F1791217566513?alt=media&token=508c2e3a-13d2-49dc-940c-d89ebdc0c4fe,,,,1yf0F6FFTcG1iAq6GqCR
0,0.152174493,ADM Fixed Percent,3.67727375,2026_10_04 16:47:28,35.08581964,-120.5350819,3.2,0.18,GNNIaIPthVQKUTVjjbAekjaxeHo1,,"iPhone13,3",2.7.0,5.b,W25 inventory,,https://firebasestorage.googleapis.com/v0/b/wt-foundation-production.appspot.com/o/measurements%2FMeasureMethod.ADM_FIXED_PCT%2FdbhPhoto%2F1791217570002?alt=media&token=60440edb-aca4-427f-89b0-a3b49fb167b7,https://firebasestorage.googleapis.com/v0/b/wt-foundation-production.appspot.com/o/measurements%2FMeasureMethod.ADM_FIXED_PCT%2FheightPhoto%2F1791217568354?alt=media&token=265e0e37-8e0b-42e3-a85e-b35310ff89b0,,,,Z5DifipPpjGxQjYFxaAZ
0,0.157204057,ADM Fixed Percent,3.647000313,2026_10_04 16:51:40,35.08579355,-120.5350299,2.8,0.181,GNNIaIPthVQKUTVjjbAekjaxeHo1,,"iPhone13,3",2.7.0,5.c,W25 inventory,,https://firebasestorage.googleapis.com/v0/b/wt-foundation-production.appspot.com/o/measurements%2FMeasureMethod.ADM_FIXED_PCT%2FdbhPhoto%2F1791217572854?alt=media&token=cca30ed2-df47-402f-8964-5925c5119b3d,https://firebasestorage.googleapis.com/v0/b/wt-foundation-production.appspot.com/o/measurements%2FMeasureMethod.ADM_FIXED_PCT%2FheightPhoto%2F1791217570922?alt=media&token=8d21160b-81f3-4b81-bc30-178cdfd7b58c,,,,J3atnifuzLPU2lT0le4g
0,0.149957972,ADM Fixed Percent,4.544509888,2026_10_04 16:57:41,35.08574488,-120.5349799,3.7,0.16,GNNIaIPthVQKUTVjjbAekjaxeHo1,,"iPhone13,3",2.7.0,5.d,W25 inventory,,https://firebasestorage.googleapis.com/v0/b/wt-foundation-production.appspot.com/o/measurements%2FMeasureMethod.ADM_FIXED_PCT%2FdbhPhoto%2F1791217575907?alt=media&token=8fa3d01c-f0a4-40bb-8774-79e080a81991,https://firebasestorage.googleapis.com/v0/b/wt-foundation-production.appspot.com/o/measurements%2FMeasureMethod.ADM_FIXED_PCT%2FheightPhoto%2F1791217574002?alt=media&token=2105b71c-a4be-49a2-8799-7dda8495a387,,,,akYqBcJ2Y0LeAW7xzYG9
0,0.124417791,ADM Fixed Percent,3.339004755,2026_10_04 17:08:59,35.08545561,-120.5355849,2.8,0.159,GNNIaIPthVQKUTVjjbAekjaxeHo1,,"iPhone13,3",2.7.0,6.a,W25 inventory,,https://firebasestorage.googleapis.com/v0/b/wt-foundation-production.appspot.com/o/measurements%2FMeasureMethod.ADM_FIXED_PCT%2FdbhPhoto%2F1791217578420?alt=media&token=b7c15e02-03ae-4002-9f14-2cbb548f3e05,https://firebasestorage.googleapis.com/v0/b/wt-foundation-production.appspot.com/o/measurements%2FMeasureMethod.ADM_FIXED_PCT%2FheightPhoto%2F1791217576991?alt=media&token=0e39449a-b00f-4b43-9557-fc9793d39f62,,,,eq5ZjqcaLWNpA2xwwkjI
0,0.081230245,ADM Fixed Percent,3.661300182,2026_10_04 17:13:10,35.08545813,-120.5355013,3.4,0.2,GNNIaIPthVQKUTVjjbAekjaxeHo1,,"iPhone13,3",2.7.0,6.b,W25 inventory,,https://firebasestorage.googleapis.com/v0/b/wt-foundation-production.appspot.com/o/measurements%2FMeasureMethod.ADM_FIXED_PCT%2FdbhPhoto%2F1791217579992?alt=media&token=55dd5240-94d4-4b77-bd8f-b07389bba260,https://firebasestorage.googleapis.com/v0/b/wt-foundation-production.appspot.com/o/measurements%2FMeasureMethod.ADM_FIXED_PCT%2FheightPhoto%2F1791217578673?alt=media&token=8a58f8e0-3f4f-45e2-a2cc-69ddc347a086,,,,wBy8MZPCoK8PEhdllEtg
0,0.154975497,ADM Fixed Percent,3.483623505,2026_10_04 17:18:39,35.08541049,-120.5354292,3,0.177,GNNIaIPthVQKUTVjjbAekjaxeHo1,,"iPhone13,3",2.7.0,6.c,W25 inventory,,https://firebasestorage.googleapis.com/v0/b/wt-foundation-production.appspot.com/o/measurements%2FMeasureMethod.ADM_FIXED_PCT%2FdbhPhoto%2F1791217582468?alt=media&token=606dc3b9-1039-4c94-a58b-29f193f28eab,https://firebasestorage.googleapis.com/v0/b/wt-foundation-production.appspot.com/o/measurements%2FMeasureMethod.ADM_FIXED_PCT%2FheightPhoto%2F1791217581548?alt=media&token=1ed2332e-3c3d-4e54-8079-7c96ddd10467,,,,BOY2ku6C9IvoM8DtOAg0
0,0.161881795,ADM Fixed Percent,3.778833389,2026_10_04 17:41:10,35.08529486,-120.5353785,3.2,0.197,GNNIaIPthVQKUTVjjbAekjaxeHo1,,"iPhone13,3",2.7.0,6.d,W25 inventory,,https://firebasestorage.googleapis.com/v0/b/wt-foundation-production.appspot.com/o/measurements%2FMeasureMethod.ADM_FIXED_PCT%2FdbhPhoto%2F1791217585940?alt=media&token=d24a3d64-918b-45cf-aff8-2f3582efc82d,https://firebasestorage.googleapis.com/v0/b/wt-foundation-production.appspot.com/o/measurements%2FMeasureMethod.ADM_FIXED_PCT%2FheightPhoto%2F1791217584442?alt=media&token=a8c7f545-0197-4656-9a67-64eb9bedb6c6,,,,imZBnjSRL7fz1xUqqqlb
0,0.155237236,ADM Fixed Percent,4.641425133,2026_10_04 17:47:32,35.08631815,-120.5350961,3.8,0.19,GNNIaIPthVQKUTVjjbAekjaxeHo1,,"iPhone13,3",2.7.0,10.a,W25 inventory,,https://firebasestorage.googleapis.com/v0/b/wt-foundation-production.appspot.com/o/measurements%2FMeasureMethod.ADM_FIXED_PCT%2FdbhPhoto%2F1791217587292?alt=media&token=5c35fa1d-48ef-45f0-a81c-96923792852d,https://firebasestorage.googleapis.com/v0/b/wt-foundation-production.appspot.com/o/measurements%2FMeasureMethod.ADM_FIXED_PCT%2FheightPhoto%2F1791217586491?alt=media&token=23b3239b-6d32-4131-a459-72d808b2c673,,,,cmQ4fA8HNinKNNxvUtGD
0,0.134071411,ADM Fixed Percent,4.038887024,2026_10_04 17:50:19,35.08634263,-120.5349863,3.5,0.184,GNNIaIPthVQKUTVjjbAekjaxeHo1,,"iPhone13,3",2.7.0,10.b,W25 inventory,,https://firebasestorage.googleapis.com/v0/b/wt-foundation-production.appspot.com/o/measurements%2FMeasureMethod.ADM_FIXED_PCT%2FdbhPhoto%2F1791217588834?alt=media&token=1d137e96-8cb3-4acc-a2fb-2b124486ba50,https://firebasestorage.googleapis.com/v0/b/wt-foundation-production.appspot.com/o/measurements%2FMeasureMethod.ADM_FIXED_PCT%2FheightPhoto%2F1791217588625?alt=media&token=e64feb3c-ba9b-4223-8afd-c94b2916b97d,,,,XJ1T5ODLAnLeHvyXsv2N
0,0.157694789,ADM Fixed Percent,4.499550343,2026_10_04 17:52:40,35.08627856,-120.5349266,3.9,0.195,GNNIaIPthVQKUTVjjbAekjaxeHo1,,"iPhone13,3",2.7.0,10.c,W25 inventory,,https://firebasestorage.googleapis.com/v0/b/wt-foundation-production.appspot.com/o/measurements%2FMeasureMethod.ADM_FIXED_PCT%2FdbhPhoto%2F1791217591863?alt=media&token=80591880-9f02-4b38-809c-e0f94b5ff16a,https://firebasestorage.googleapis.com/v0/b/wt-foundation-production.appspot.com/o/measurements%2FMeasureMethod.ADM_FIXED_PCT%2FheightPhoto%2F1791217590403?alt=media&token=602ce945-f8b0-4dff-a9c6-836bd8225656,,,,5Cddc4f5bP3EU4YHK3PF
0,0.17513379,ADM Fixed Percent,4.270292282,2026_10_04 17:57:57,35.08605791,-120.5355285,3.3,0.209,GNNIaIPthVQKUTVjjbAekjaxeHo1,,"iPhone13,3",2.7.0,9.a,W25 inventory,,https://firebasestorage.googleapis.com/v0/b/wt-foundation-production.appspot.com/o/measurements%2FMeasureMethod.ADM_FIXED_PCT%2FdbhPhoto%2F1791217594275?alt=media&token=6d84cb5d-f072-4df6-98d2-7113ca604684,https://firebasestorage.googleapis.com/v0/b/wt-foundation-production.appspot.com/o/measurements%2FMeasureMethod.ADM_FIXED_PCT%2FheightPhoto%2F1791217593171?alt=media&token=0268c1bd-e859-4ffb-9433-a2306cc6ffbc,,,,6ZCw5i0MI8r2YYrw999z
0,0.101113178,ADM Fixed Percent,2.803217173,2026_10_04 18:03:00,35.08600078,-120.5354872,2.8,0.15,GNNIaIPthVQKUTVjjbAekjaxeHo1,,"iPhone13,3",2.7.0,9.b,W25 inventory,,https://firebasestorage.googleapis.com/v0/b/wt-foundation-production.appspot.com/o/measurements%2FMeasureMethod.ADM_FIXED_PCT%2FdbhPhoto%2F1791217595936?alt=media&token=8f6426d2-82a1-41f9-a572-7d0ba733fdeb,https://firebasestorage.googleapis.com/v0/b/wt-foundation-production.appspot.com/o/measurements%2FMeasureMethod.ADM_FIXED_PCT%2FheightPhoto%2F1791217595740?alt=media&token=75d1fbc5-a60d-4cba-af44-e51ea86efcff,,,,L24muPzn9MAHI5xGjBJB
0,0.142945965,ADM Fixed Percent,3.146068811,2026_10_04 18:05:46,35.08596972,-120.5354107,2.8,0.158,GNNIaIPthVQKUTVjjbAekjaxeHo1,,"iPhone13,3",2.7.0,9.c,W25 inventory,,https://firebasestorage.googleapis.com/v0/b/wt-foundation-production.appspot.com/o/measurements%2FMeasureMethod.ADM_FIXED_PCT%2FdbhPhoto%2F1791217599880?alt=media&token=ba973949-f542-4aca-b342-14475e31751c,https://firebasestorage.googleapis.com/v0/b/wt-foundation-production.appspot.com/o/measurements%2FMeasureMethod.ADM_FIXED_PCT%2FheightPhoto%2F1791217598255?alt=media&token=5822f853-a313-4618-ad1c-8c770a7ae774,,,,MahONkGPYkX3XiGCHuVz
0,0.158372257,ADM Fixed Percent,3.597925425,2026_10_04 18:08:40,35.08589422,-120.5354135,3.1,0.184,GNNIaIPthVQKUTVjjbAekjaxeHo1,,"iPhone13,3",2.7.0,9.d,W25 inventory,,https://firebasestorage.googleapis.com/v0/b/wt-foundation-production.appspot.com/o/measurements%2FMeasureMethod.ADM_FIXED_PCT%2FdbhPhoto%2F1791217601503?alt=media&token=f6525bd1-59c0-41ee-a050-fa1e922634d7,https://firebasestorage.googleapis.com/v0/b/wt-foundation-production.appspot.com/o/measurements%2FMeasureMethod.ADM_FIXED_PCT%2FheightPhoto%2F1791217600869?alt=media&token=b485f0d1-5f46-4bc3-a3ca-6d0d825fd26a,,,,Mhd7n5IcbGfUTsMQKKSe
0,0.11879901,ADM Fixed Percent,3.228172779,2026_10_04 18:56:32,35.08467341,-120.5366262,2.8,0.181,GNNIaIPthVQKUTVjjbAekjaxeHo1,,"iPhone13,3",2.7.0,8.a,W25 inventory,,https://firebasestorage.googleapis.com/v0/b/wt-foundation-production.appspot.com/o/measurements%2FMeasureMethod.ADM_FIXED_PCT%2FdbhPhoto%2F1791217605472?alt=media&token=06ff4d61-ee24-4d75-b2c6-bc977fa25482,https://firebasestorage.googleapis.com/v0/b/wt-foundation-production.appspot.com/o/measurements%2FMeasureMethod.ADM_FIXED_PCT%2FheightPhoto%2F1791217602854?alt=media&token=99714eab-d2e3-4f51-b3ab-43f973addec0,,,,WCliupDvU08uG569gOkY
0,0.161533288,ADM Fixed Percent,3.279648542,2026_10_04 18:58:44,35.08473688,-120.5365964,3.1,0.204,GNNIaIPthVQKUTVjjbAekjaxeHo1,,"iPhone13,3",2.7.0,8.b,W25 inventory,,https://firebasestorage.googleapis.com/v0/b/wt-foundation-production.appspot.com/o/measurements%2FMeasureMethod.ADM_FIXED_PCT%2FdbhPhoto%2F1791217607068?alt=media&token=672c3bfc-24bc-40fa-8ecd-9ab1706d15b4,https://firebasestorage.googleapis.com/v0/b/wt-foundation-production.appspot.com/o/measurements%2FMeasureMethod.ADM_FIXED_PCT%2FheightPhoto%2F1791217605747?alt=media&token=e13c70a2-eaa3-45a9-9594-4833d72447dd,,,,bXUSY0yh7hft3iZPvfp1
0,0.159449937,ADM Fixed Percent,3.556055784,2026_10_04 19:01:22,35.08477373,-120.5365288,3.1,0.174,GNNIaIPthVQKUTVjjbAekjaxeHo1,,"iPhone13,3",2.7.0,8.c,W25 inventory,,https://firebasestorage.googleapis.com/v0/b/wt-foundation-production.appspot.com/o/measurements%2FMeasureMethod.ADM_FIXED_PCT%2FdbhPhoto%2F1791217608725?alt=media&token=76f60739-3a92-4531-95f1-ba8294307e71,https://firebasestorage.googleapis.com/v0/b/wt-foundation-production.appspot.com/o/measurements%2FMeasureMethod.ADM_FIXED_PCT%2FheightPhoto%2F1791217607785?alt=media&token=be1a41cf-37ee-4e57-8dba-338b8d20c722,,,,7M1TpP4XJq6HH5F8iDV4
0,0.081529247,ADM Fixed Percent,1.42647016,2026_10_04 19:08:53,35.08476241,-120.5364284,2.1,0.193,GNNIaIPthVQKUTVjjbAekjaxeHo1,,"iPhone13,3",2.7.0,8.d,W25 inventory,,https://firebasestorage.googleapis.com/v0/b/wt-foundation-production.appspot.com/o/measurements%2FMeasureMethod.ADM_FIXED_PCT%2FdbhPhoto%2F1791217614015?alt=media&token=092e2835-0c3b-4419-9eed-11e5844aa920,https://firebasestorage.googleapis.com/v0/b/wt-foundation-production.appspot.com/o/measurements%2FMeasureMethod.ADM_FIXED_PCT%2FheightPhoto%2F1791217613276?alt=media&token=a9cd55de-1830-4bd6-9a0b-639465940e5a,,,,9itPT1xWOkajqd6qh5ws
0,0.142786298,ADM Fixed Percent,2.954507113,2026_10_04 19:12:07,35.08470307,-120.5363912,2.4,0.178,GNNIaIPthVQKUTVjjbAekjaxeHo1,,"iPhone13,3",2.7.0,8.e,W25 inventory,,https://firebasestorage.googleapis.com/v0/b/wt-foundation-production.appspot.com/o/measurements%2FMeasureMethod.ADM_FIXED_PCT%2FdbhPhoto%2F1791217616266?alt=media&token=ee6a9290-8e1c-4686-bd4e-5114bd8352fe,https://firebasestorage.googleapis.com/v0/b/wt-foundation-production.appspot.com/o/measurements%2FMeasureMethod.ADM_FIXED_PCT%2FheightPhoto%2F1791217615218?alt=media&token=9d97dacb-3f96-40fb-80ae-ee0ad15007f9,,,,wxwpGIUSW9rhmm1aNS44
0,0.166170449,ADM Fixed Percent,3.568545818,2026_10_04 19:17:11,35.08510281,-120.5360736,3.2,0.184,GNNIaIPthVQKUTVjjbAekjaxeHo1,,"iPhone13,3",2.7.0,7.b,W25 inventory,,https://firebasestorage.googleapis.com/v0/b/wt-foundation-production.appspot.com/o/measurements%2FMeasureMethod.ADM_FIXED_PCT%2FdbhPhoto%2F1791217618637?alt=media&token=b27a1356-0193-442d-8455-b8f4a676b0e4,https://firebasestorage.googleapis.com/v0/b/wt-foundation-production.appspot.com/o/measurements%2FMeasureMethod.ADM_FIXED_PCT%2FheightPhoto%2F1791217617661?alt=media&token=6945067e-72be-4edc-b8e9-49aa137f7c90,,,,8pNySUh8gSObSVsFa7Kd
0,0.119390726,ADM Fixed Percent,3.276447535,2026_10_04 19:19:25,35.08508122,-120.5361115,2.9,0.181,GNNIaIPthVQKUTVjjbAekjaxeHo1,,"iPhone13,3",2.7.0,7.a,W25 inventory,,https://firebasestorage.googleapis.com/v0/b/wt-foundation-production.appspot.com/o/measurements%2FMeasureMethod.ADM_FIXED_PCT%2FdbhPhoto%2F1791217621051?alt=media&token=2c195b0c-add5-40b1-bf3f-6b9ab1417367,https://firebasestorage.googleapis.com/v0/b/wt-foundation-production.appspot.com/o/measurements%2FMeasureMethod.ADM_FIXED_PCT%2FheightPhoto%2F1791217619851?alt=media&token=b7fdda85-528b-4162-99fa-3ac92a0c360b,,,,2WWOHOh7YKT1LqLQ6nEb
0,0.176193703,ADM Fixed Percent,2.699658394,2026_10_04 19:22:21,35.08495693,-120.5358969,2.5,0.16,GNNIaIPthVQKUTVjjbAekjaxeHo1,,"iPhone13,3",2.7.0,7.c,W25 inventory,,https://firebasestorage.googleapis.com/v0/b/wt-foundation-production.appspot.com/o/measurements%2FMeasureMethod.ADM_FIXED_PCT%2FdbhPhoto%2F1791217623940?alt=media&token=7e9da828-8244-4c31-8dbb-8fc49b7cbdbb,https://firebasestorage.googleapis.com/v0/b/wt-foundation-production.appspot.com/o/measurements%2FMeasureMethod.ADM_FIXED_PCT%2FheightPhoto%2F1791217623243?alt=media&token=d2e17e89-16c9-4371-bf3f-b106672d8899,,,,fRFcXDw4pf5ByV3AALZh
0,0.174489994,ADM Fixed Percent,2.624770403,2026_10_04 20:24:03,35.08448213,-120.5362255,2.1,0.174,GNNIaIPthVQKUTVjjbAekjaxeHo1,,"iPhone13,3",2.7.0,11.1,W25 inventory,,https://firebasestorage.googleapis.com/v0/b/wt-foundation-production.appspot.com/o/measurements%2FMeasureMethod.ADM_FIXED_PCT%2FdbhPhoto%2F1791217627846?alt=media&token=3abdf8e7-2701-4b17-934a-ea74c77c584b,https://firebasestorage.googleapis.com/v0/b/wt-foundation-production.appspot.com/o/measurements%2FMeasureMethod.ADM_FIXED_PCT%2FheightPhoto%2F1791217626156?alt=media&token=c3e46135-e4ed-4463-ad23-e80c8c50469e,,,,sBiBy0DKilS5VIrUEqHJ
0,0.155614916,ADM Fixed Percent,2.631386518,2026_10_04 20:26:33,35.08451473,-120.5362266,2.5,0.169,GNNIaIPthVQKUTVjjbAekjaxeHo1,,"iPhone13,3",2.7.0,11.2,W25 inventory,,https://firebasestorage.googleapis.com/v0/b/wt-foundation-production.appspot.com/o/measurements%2FMeasureMethod.ADM_FIXED_PCT%2FdbhPhoto%2F1791217630258?alt=media&token=6972290a-1ccf-4b36-8755-f52c5ca5ff8a,https://firebasestorage.googleapis.com/v0/b/wt-foundation-production.appspot.com/o/measurements%2FMeasureMethod.ADM_FIXED_PCT%2FheightPhoto%2F1791217628965?alt=media&token=9e559078-5d7e-4793-b326-4cf6230938e1,,,,b7tnBJ1SAaZPr3lUjr4I
0,0.097994102,ADM Fixed Percent,2.391669035,2026_10_04 20:29:40,35.08452116,-120.5361683,2.5,0.174,GNNIaIPthVQKUTVjjbAekjaxeHo1,,"iPhone13,3",2.7.0,11.3,W25 inventory,,https://firebasestorage.googleapis.com/v0/b/wt-foundation-production.appspot.com/o/measurements%2FMeasureMethod.ADM_FIXED_PCT%2FdbhPhoto%2F1791217632102?alt=media&token=c49ee041-7193-4608-b4a4-38b56c3f74b9,https://firebasestorage.googleapis.com/v0/b/wt-foundation-production.appspot.com/o/measurements%2FMeasureMethod.ADM_FIXED_PCT%2FheightPhoto%2F1791217630992?alt=media&token=f4a6fb26-cbb6-43d8-8fb7-461ab3aaaea6,,,,QzTxEIiqkY4PqFR5tRJH
0,0.121515123,ADM Fixed Percent,2.397351027,2026_10_04 20:31:25,35.08456733,-120.5360995,2.3,0.146,GNNIaIPthVQKUTVjjbAekjaxeHo1,,"iPhone13,3",2.7.0,11.4,W25 inventory,,https://firebasestorage.googleapis.com/v0/b/wt-foundation-production.appspot.com/o/measurements%2FMeasureMethod.ADM_FIXED_PCT%2FdbhPhoto%2F1791217633909?alt=media&token=a214cb22-d0e9-4a94-b77e-f99b16064b20,https://firebasestorage.googleapis.com/v0/b/wt-foundation-production.appspot.com/o/measurements%2FMeasureMethod.ADM_FIXED_PCT%2FheightPhoto%2F1791217633089?alt=media&token=531665c3-9ba6-4d6f-be06-21dac466d1ab,,,,ur46GfteCir55r7LTuz0
0,0.088151753,ADM Fixed Percent,3.057227373,2026_10_04 20:36:16,35.08441036,-120.5362329,2.6,0.168,GNNIaIPthVQKUTVjjbAekjaxeHo1,,"iPhone13,3",2.7.0,11.5,W25 inventory,,https://firebasestorage.googleapis.com/v0/b/wt-foundation-production.appspot.com/o/measurements%2FMeasureMethod.ADM_FIXED_PCT%2FdbhPhoto%2F1791217637635?alt=media&token=c6c8a248-b258-4a23-b268-4fa35ca71e08,https://firebasestorage.googleapis.com/v0/b/wt-foundation-production.appspot.com/o/measurements%2FMeasureMethod.ADM_FIXED_PCT%2FheightPhoto%2F1791217635052?alt=media&token=843af8c8-dc00-4056-8b12-e6166c73bdad,,,,iPz2EWGBg39ce9T8T5pj
0,0.136758325,ADM Fixed Percent,2.36885643,2026_10_04 20:39:20,35.08441177,-120.5361882,2,0.144,GNNIaIPthVQKUTVjjbAekjaxeHo1,,"iPhone13,3",2.7.0,11.6,W25 inventory,,https://firebasestorage.googleapis.com/v0/b/wt-foundation-production.appspot.com/o/measurements%2FMeasureMethod.ADM_FIXED_PCT%2FdbhPhoto%2F1791217640381?alt=media&token=18da41a4-ec7e-4bc6-a667-27312af6ee11,https://firebasestorage.googleapis.com/v0/b/wt-foundation-production.appspot.com/o/measurements%2FMeasureMethod.ADM_FIXED_PCT%2FheightPhoto%2F1791217638247?alt=media&token=ad3011f7-e622-4897-b4f7-96b2fbc48eb9,,,,l8IChU0mpRmElSimejMT
0,0.099659166,ADM Fixed Percent,2.27346015,2026_10_04 20:41:57,35.08445673,-120.5361714,2,0.142,GNNIaIPthVQKUTVjjbAekjaxeHo1,,"iPhone13,3",2.7.0,11.7,W25 inventory,,https://firebasestorage.googleapis.com/v0/b/wt-foundation-production.appspot.com/o/measurements%2FMeasureMethod.ADM_FIXED_PCT%2FdbhPhoto%2F1791217643135?alt=media&token=f1e2215d-4e54-4465-a0c1-3ba3d636e1e7,https://firebasestorage.googleapis.com/v0/b/wt-foundation-production.appspot.com/o/measurements%2FMeasureMethod.ADM_FIXED_PCT%2FheightPhoto%2F1791217641240?alt=media&token=2d747731-8314-47f0-a499-f85025a76935,,,,FB44q1UsVuhpLG6sQQP6
0,0.106201677,ADM Fixed Percent,2.33988452,2026_10_04 20:44:04,35.084483,-120.5361222,2.3,0.141,GNNIaIPthVQKUTVjjbAekjaxeHo1,,"iPhone13,3",2.7.0,11.8,W25 inventory,,https://firebasestorage.googleapis.com/v0/b/wt-foundation-production.appspot.com/o/measurements%2FMeasureMethod.ADM_FIXED_PCT%2FdbhPhoto%2F1791217644622?alt=media&token=b9d70b09-589a-4445-83a5-099d0bf617c4,https://firebasestorage.googleapis.com/v0/b/wt-foundation-production.appspot.com/o/measurements%2FMeasureMethod.ADM_FIXED_PCT%2FheightPhoto%2F1791217644374?alt=media&token=8ba43dfc-d942-4db0-9c6f-11470923848e,,,,yecHdlpqGAF863cLedz4
0,0.107800137,ADM Fixed Percent,3.077125788,2026_10_04 20:46:17,35.08450976,-120.5360961,2.6,0.177,GNNIaIPthVQKUTVjjbAekjaxeHo1,,"iPhone13,3",2.7.0,11.9,W25 inventory,,https://firebasestorage.googleapis.com/v0/b/wt-foundation-production.appspot.com/o/measurements%2FMeasureMethod.ADM_FIXED_PCT%2FdbhPhoto%2F1791217647336?alt=media&token=2d1aae8b-e64a-4c2e-a62c-afaca811b5d1,https://firebasestorage.googleapis.com/v0/b/wt-foundation-production.appspot.com/o/measurements%2FMeasureMethod.ADM_FIXED_PCT%2FheightPhoto%2F1791217646250?alt=media&token=8868eba2-fbbd-4e83-b668-a66ec75782a6,,,,LeduC8wYtNH40g4ucVmk
0,0.093770907,ADM Fixed Percent,2.579770565,2026_10_04 20:48:42,35.08454789,-120.5360427,2.1,0.141,GNNIaIPthVQKUTVjjbAekjaxeHo1,,"iPhone13,3",2.7.0,11.10 _,W25 inventory,,https://firebasestorage.googleapis.com/v0/b/wt-foundation-production.appspot.com/o/measurements%2FMeasureMethod.ADM_FIXED_PCT%2FdbhPhoto%2F1791217650842?alt=media&token=d2252a5f-e2df-4e66-ab77-1483a8a7cacd,https://firebasestorage.googleapis.com/v0/b/wt-foundation-production.appspot.com/o/measurements%2FMeasureMethod.ADM_FIXED_PCT%2FheightPhoto%2F1791217649508?alt=media&token=b9ed1b5a-1c93-4fc4-b7b3-037c29670c8e,,,,3dQXJnZct6tV061XthVN
